file, line number,spanish prep found,index of spanish prep,code,original Spanish,original English,Column1
bettercallsaul.txt,2,a,,DE,ReemplacÈ el producto robado y algo fue a tu organizaciÛn.,I replaced the stolen product. Some went to your organization.,
bettercallsaul.txt,70,de,,SS,Mientras Lalo Salamanca estÈ de este lado de la frontera no podemos seguir como hasta ahora.,As long as Salamanca is on this side of the border we cannot continue as we were.,
bettercallsaul.txt,72,hasta,,IT,Mientras Lalo Salamanca estÈ de este lado de la frontera no podemos seguir como hasta ahora.,As long as Salamanca is on this side of the border we cannot continue as we were.,
bettercallsaul.txt,92,con,,COM,QuÈdate con tu maldito anticipo.,You keep your goddamn retainer.,
bettercallsaul.txt,117,con,,CO,Delitos no violentos con el 50% de descuento.,Nonviolent felonies 50% off.,
bettercallsaul.txt,120,de,,MO,Delitos no violentos con el 50% de descuento.,Nonviolent felonies 50% off.,
bettercallsaul.txt,200,por,,DI,Durante las prÛximas dos semanas delitos no violentos tendr·n un 50 por ciento de descuento.,Um for the next uh two weeks um non-violent felonies 50% off.,
bettercallsaul.txt,207,durante,,IS,Durante las prÛximas dos semanas delitos no violentos tendr·n un 50 por ciento de descuento.,Um for the next uh two weeks um non-violent felonies 50% off.,
bettercallsaul.txt,220,de,,MO,Durante las prÛximas dos semanas delitos no violentos tendr·n un 50 por ciento de descuento.,Um for the next uh two weeks um non-violent felonies 50% off.,
bettercallsaul.txt,301,para,,RE,Para ti.,That's for you.,
bettercallsaul.txt,325,por,,DI,Cincuenta por ciento.,50% off.,
bettercallsaul.txt,475,por,,DI,Cincuenta por ciento de descuento.,50% off.,
bettercallsaul.txt,495,de,,MO,Cincuenta por ciento de descuento.,50% off.,
bettercallsaul.txt,500,por,,DI,Cincuenta por ciento de descuento.,50% off.,
bettercallsaul.txt,520,de,,MO,Cincuenta por ciento de descuento.,50% off.,
bettercallsaul.txt,575,por,,DI,¬°Cincuenta por ciento de descuento!,50% off! 50% off!,
bettercallsaul.txt,595,de,,MO,¬°Cincuenta por ciento de descuento!,50% off! 50% off!,
bettercallsaul.txt,775,por,,DI,¬°Cincuenta por ciento de descuento!,50% off!,
bettercallsaul.txt,795,de,,MO,¬°Cincuenta por ciento de descuento!,50% off!,
bettercallsaul.txt,1025,por,,DI,¬°Cincuenta por ciento de descuento!,50% off!,
bettercallsaul.txt,1045,de,,MO,¬°Cincuenta por ciento de descuento!,50% off!,
bettercallsaul.txt,1066,en,,TD,...y en sÛlo siete dÌas dejar· de fumar.,... and have you smoke-free in just seven days.,
bettercallsaul.txt,1070,de,,SO,...y en sÛlo siete dÌas dejar· de fumar.,... and have you smoke-free in just seven days.,
bettercallsaul.txt,1093,sin,,AD,Totalmente natural y sin nicotina.,It's all-natural and nicotine-free.,
bettercallsaul.txt,1099,sin,,AD,Totalmente natural y sin nicotina.,It's all-natural and nicotine-free.,
bettercallsaul.txt,1171,al,,TD,Controla los antojos al instante.,Spray Away... it can stop your cravings instantly.,
bettercallsaul.txt,1220,de,,SO,Miles han dejado de fumar usando Smoke Away.,Thousands have already quit smoking using Smoke Away.,
bettercallsaul.txt,1370,de,,SO,øQuÈ quieren de mÌ?,What's he want from me?,
bettercallsaul.txt,1500,por,,ID,Por favor.,Don't.,
bettercallsaul.txt,1725,por,,ID,øPor quÈ lo est· haciendo?,Why's he doin' this?,
bettercallsaul.txt,1750,por,,ID,øPor quÈ me hace esto?,Hey why's he doin' this?,
bettercallsaul.txt,1825,por,,ID,Por favor.,Please man.,
bettercallsaul.txt,1875,por,,ID,Por favor no.,Please no.,
bettercallsaul.txt,1900,por,,ID,Por favor no.,Please no.,
bettercallsaul.txt,1925,por,,ID,Por favor hombre.,Please.,
bettercallsaul.txt,1950,por,,ID,Por favor hombre.,Please man.,
bettercallsaul.txt,1995,de,,MO,De acuerdo.,Okay.,
bettercallsaul.txt,2077,a,,DE,Necesito saber a dÛnde va.,I need to know where he is going.,
bettercallsaul.txt,2152,a,,XXXX,Necesito saber qu√© va a hacer antes de que lo haga.,I need to know what he's going to do before he does it.,
bettercallsaul.txt,2170,de,,RT,Necesito saber quÈ va a hacer antes de que lo haga.,I need to know what he's going to do before he does it.,
bettercallsaul.txt,2245,de,,TO,"SÛlo habla de un tipo Werner Ziegler. Y de un gringo ""Michael"".",He just keeps talking about some guy named Werner Ziegler and some gringo Michael.,
bettercallsaul.txt,2392,con,,CO,Mi padre no tiene nada que ver con esto.,My father has nothing to do with this.,
bettercallsaul.txt,2441,en,,TO,HarÈ que confÌe en mÌ.,I'll make him trust me.,
bettercallsaul.txt,2576,para,,PU,"Un seÒor Bertram Moran conocido como ""B-Mo"" dice que usted lo buscÛ para comprar narcÛticos cuando de hecho usted estaba disfrutando de un Big Gulp en el parque cuando se acercÛ a usted para venderle algo.","Uh a Mr. Bertram Moran AKA ""B-Mo"" claims that you solicited him for the purchase of narcotics when in fact you were simply enjoying a Big Gulp in the park when he approached and attempted to sell to you.",
bettercallsaul.txt,2591,en,,SS,"Un seÒor Bertram Moran conocido como ""B-Mo"" dice que usted lo buscÛ para comprar narcÛticos cuando de hecho usted estaba disfrutando de un Big Gulp en el parque cuando se acercÛ a usted para venderle algo.","Uh a Mr. Bertram Moran AKA ""B-Mo"" claims that you solicited him for the purchase of narcotics when in fact you were simply enjoying a Big Gulp in the park when he approached and attempted to sell to you.",
bettercallsaul.txt,2591,para,,PU,"Un seÒor Bertram Moran conocido como ""B-Mo"" dice que usted lo buscÛ para comprar narcÛticos cuando de hecho usted estaba disfrutando de un Big Gulp en el parque cuando se acercÛ a usted para venderle algo.","Uh a Mr. Bertram Moran AKA ""B-Mo"" claims that you solicited him for the purchase of narcotics when in fact you were simply enjoying a Big Gulp in the park when he approached and attempted to sell to you.",
bettercallsaul.txt,2595,de,,MO,"Un seÒor Bertram Moran conocido como ""B-Mo"" dice que usted lo buscÛ para comprar narcÛticos cuando de hecho usted estaba disfrutando de un Big Gulp en el parque cuando se acercÛ a usted para venderle algo.","Uh a Mr. Bertram Moran AKA ""B-Mo"" claims that you solicited him for the purchase of narcotics when in fact you were simply enjoying a Big Gulp in the park when he approached and attempted to sell to you.",
bettercallsaul.txt,2745,de,,SP,Le devolverÈ algunos de Èsos al seÒor Nguyen.,I'm gonna take some of those back to Mrs. Nguyen's.,
bettercallsaul.txt,2746,al,,DE,Le devolverÈ algunos de Èsos al seÒor Nguyen.,I'm gonna take some of those back to Mrs. Nguyen's.,
bettercallsaul.txt,2825,por,,ID,Por Dios.,Geez.,
bettercallsaul.txt,2870,de,,SP,"Hablaba mucho. Oye øy cÛmo va ""Cold Finger"" la mente maestra de los minirefrigeradores?","Chatty one. So uh hey how's it going with uh ""Cold Finger"" the mini-fridge mastermind?",
bettercallsaul.txt,2876,para,,PU,øYa tienes fecha para juicio?,You get a trial date yet?,
bettercallsaul.txt,3001,para,,RE,Saul Goodman justicia veloz para ti. SÌ seÒorita.,Saul Goodman speedy justice for you. Yes Miss I... Uh-huh.,
bettercallsaul.txt,3150,por,,ST,Kim øcena y pelÌcula hoy por la noche?,Kim how about dinner and a movie tonight?,
bettercallsaul.txt,3191,en,,SP,Yo... Scampi y Scorsese porque hay Fuera de horario en el Canal de PelÌculas cl·sicas.,"I'm... Scampi and Scorsese 'cause they got ""After Hours"" on the Classic Movie Channel.",
bettercallsaul.txt,3191,de,,RT,Yo... Scampi y Scorsese porque hay Fuera de horario en el Canal de PelÌculas cl·sicas.,"I'm... Scampi and Scorsese 'cause they got ""After Hours"" on the Classic Movie Channel.",
bettercallsaul.txt,3195,de,,SP,Yo... Scampi y Scorsese porque hay Fuera de horario en el Canal de PelÌculas cl·sicas.,"I'm... Scampi and Scorsese 'cause they got ""After Hours"" on the Classic Movie Channel.",
bettercallsaul.txt,3247,hasta,,IT,Quiz· tenga que trabajar hasta tarde.,I might need to stay late.,
bettercallsaul.txt,3395,de,,TO,øDijo algo de una minivan?,Something about a minivan?,
bettercallsaul.txt,3477,a,,RS,Est· a tres cuadras de aquÌ.,It's just three blocks from here.,
bettercallsaul.txt,3495,de,,RS,Est· a tres cuadras de aquÌ.,It's just three blocks from here.,
bettercallsaul.txt,3527,a,,PU,SÈ que debes ir a trabajar.,I know you got to get to work.,
bettercallsaul.txt,3570,de,,MO,SÛlo tomar· un par de minutos.,This'll only take a couple minutes.,
bettercallsaul.txt,3575,por,,ID,Por favor.,Please.,
bettercallsaul.txt,3645,de,,MO,Si vamos ahora terminaremos asÌ de r·pido.,If we go right now it'll be over like that.,
bettercallsaul.txt,3650,por,,ID,øPor dÛnde?,Which way?,
bettercallsaul.txt,3677,a,,RS,A la derecha.,Take a right.,
bettercallsaul.txt,3827,a,,XXXX,Jimmy no vamos a comprar una casa.,Jimmy we're not buying a house.,
bettercallsaul.txt,3875,por,,IS,PasÈ por aquÌ hace como una semana y me da curiosidad.,I drove by this place like a week ago and I'm curious.,
bettercallsaul.txt,4245,de,,MO,De acuerdo.,Alright.,
bettercallsaul.txt,4320,de,,SP,Hay un libro de visitas justo ahÌ.,There's a guest book right over here.,
bettercallsaul.txt,4370,de,,MO,øPodemos hacerlo de salida?,Um could we do that on our way out?,
bettercallsaul.txt,4541,en,,SS,Mira todo este espacio en los muros.,Man look at all this wall space.,
bettercallsaul.txt,4570,de,,SP,Imagina una televisiÛn de plasma montada justo ahÌ. Una de esas nuevas que son enormes.,Imagine a plasma TV mounted right there one of the huge new ones.,
bettercallsaul.txt,4602,a,,PU,PodrÌamos invitar a amigos a ver pelÌculas.,We could host movie nights.,
bettercallsaul.txt,4627,a,,MO,Sillones cÛmodos olor a palomitas de maÌz aire y... Y mira estas barras.,Some comfy chairs and smell of popcorn in the air and... and... check out these countertops.,answers the question como?
bettercallsaul.txt,4645,de,,SP,Sillones cÛmodos olor a palomitas de maÌz aire y... Y mira estas barras.,Some comfy chairs and smell of popcorn in the air and... and... check out these countertops.,
bettercallsaul.txt,4726,para,,PU,En alg˙n lugar leÌ que es bueno para sanar.,I-I read somewhere that it's good for healing.,
bettercallsaul.txt,4741,en,,SS,En alg˙n lugar leÌ que es bueno para sanar.,I-I read somewhere that it's good for healing.,
bettercallsaul.txt,4751,para,,PU,Muy bueno para sanar.,Mm so good for healing.,
bettercallsaul.txt,4775,por,,DI,"øRecuerdas eso de ""50 por ciento de descuento"" que dije que no harÌa?",Hey you know that uh 50%-off thing I said I wouldn't do?,
bettercallsaul.txt,4795,de,,TO,"øRecuerdas eso de ""50 por ciento de descuento"" que dije que no harÌa?",Hey you know that uh 50%-off thing I said I wouldn't do?,
bettercallsaul.txt,4925,por,,CA,No har·n nada por un est˙pido descuento.,They're not gonna do anything 'cause of some stupid discount.,
bettercallsaul.txt,5025,por,,TO,øLo dices por el de las neveras?,You're talking about the fridge guy?,
bettercallsaul.txt,5045,de,,SP,øLo dices por el de las neveras?,You're talking about the fridge guy?,
bettercallsaul.txt,5095,de,,TO,Hablo de todos mis clientes.,I mean all my clients.,
bettercallsaul.txt,5125,por,,ID,Por supuesto.,Absolutely.,
bettercallsaul.txt,5152,a,,XXXX,No volver√° a pasar.,Never again.,
bettercallsaul.txt,5175,por,,ID,Por Dios.,Oh my God.,
bettercallsaul.txt,5220,de,,SP,√âste es el clÛset de tus sueÒos.,This is the closet of your dreams.,
bettercallsaul.txt,5370,de,,SP,Tiene chorros de agua.,Oh there's jets too.,
bettercallsaul.txt,5420,de,,MO,Eso serÌa maravilloso despuÈs de un largo dÌa de trabajo.,That'd be so nice after a long day on our feet.,
bettercallsaul.txt,5451,para,,PU,Y tiene dos lavamanos. Hay mucho espacio para cepillarse.,And two sinks so plenty of room for brushing.,
bettercallsaul.txt,5476,para,,PU,Y para escupir.,And spitting.,
bettercallsaul.txt,5641,en,,MO,øPero cÛmo se pone en marcha?,But uh how do you get it going?,
bettercallsaul.txt,5670,de,,SP,Quiz· est· cerrado el paso de agua.,Maybe the water's shut off.,
bettercallsaul.txt,6020,de,,SP,Es una soluciÛn de vitaminas.,It's just a vitamin solution.,
bettercallsaul.txt,6045,de,,MO,Es de moras su favorito.,It's Very-Berry his favorite.,
bettercallsaul.txt,6295,de,,,No sÈ cÛmo estÈs de trabajo estos dÌas.,I don't know what your work schedule is like these days.,
bettercallsaul.txt,6345,de,,,Acaban de llamarme.,Well I just got called in.,
bettercallsaul.txt,6425,por,,ID,Por supuesto.,Positive.,
bettercallsaul.txt,6477,a,,ST,øA quÈ hora me necesitas?,What time do you need me there?,
bettercallsaul.txt,6566,en,,IS,Voy en camino.,On the way.,
bettercallsaul.txt,6720,de,,,PensÈ que podÌamos terminar de arreglar la escalera de la casita del ·rbol.,I thought we'd finish fixing the ladder on the tree house.,
bettercallsaul.txt,6845,de,,MO,No de ninguna manera.,Oh not a chance of that.,
bettercallsaul.txt,6870,de,,SP,Debe aprenderse las tablas de multiplicar.,She's gotta learn her times tables.,
bettercallsaul.txt,6891,en,,SP,Va en la de siete.,She's on the sevens.,
bettercallsaul.txt,6895,de,,SP,Va en la de siete.,She's on the sevens.,
bettercallsaul.txt,6941,en,,SS,Hay lasaÒa en el horno. Debo llegar antes de la hora de dormir.,There's lasagna in the oven and I should be back before bedtime.,
bettercallsaul.txt,6945,de,,RT,Hay lasaÒa en el horno. Debo llegar antes de la hora de dormir.,There's lasagna in the oven and I should be back before bedtime.,
bettercallsaul.txt,6995,de,,MO,De acuerdo. Te veo al rato linda.,See you later sweetie!,
bettercallsaul.txt,6996,al,,IT,De acuerdo. Te veo al rato linda.,See you later sweetie!,
bettercallsaul.txt,7120,de,,CO,Seguro sabes m·s de lo que crees que sabes.,I bet you know more than you think you know.,
bettercallsaul.txt,7175,por,,ID,øSiete por tres?,7 times 3?,
bettercallsaul.txt,7250,por,,ID,Siete por cuatro.,7 times 4?,
bettercallsaul.txt,7475,por,,ID,øSiete por ocho?,7 times 8.,
bettercallsaul.txt,7591,en,,SS,øEn quÈ vamos?,Where we at?,
bettercallsaul.txt,7700,por,,ID,Siete por ocho es 56.,7 times 8 is 56.,
bettercallsaul.txt,7841,en,,SS,øEra bueno en matem·ticas?,Was... Was he good at math?,
bettercallsaul.txt,7990,entre,,RS,Creo que estaba entre ser astronauta y explorador de las profundidades como Jacques Cousteau.,You know I think he went back and forth between an astronaut deep-sea explorer... like Jacques Cousteau.,
bettercallsaul.txt,7995,de,,SP,Creo que estaba entre ser astronauta y explorador de las profundidades como Jacques Cousteau.,You know I think he went back and forth between an astronaut deep-sea explorer... like Jacques Cousteau.,
bettercallsaul.txt,8091,en,,SS,Y en lugar de eso decidiÛ ser policÌa. Como t˙.,So instead my dad decided to be a policeman like you.,
bettercallsaul.txt,8095,de,,,Y en lugar de eso decidiÛ ser policÌa. Como t˙.,So instead my dad decided to be a policeman like you.,
bettercallsaul.txt,8145,de,,,Aseg˙rate de que estÈn parejos.,You make sure those are nice and even.,
bettercallsaul.txt,8516,en,,SS,En su cuarto.,She's in her room.,
bettercallsaul.txt,8575,por,,ID,øPor quÈ?,Why?,
bettercallsaul.txt,8800,por,,ID,øPor quÈ haces eso?,Why you doing that?,
bettercallsaul.txt,8851,para,,DE,La mandÈ para all·.,I sent it down.,
bettercallsaul.txt,9070,de,,,¬°Deja de hacer eso idiota!,Quit that fool!,
bettercallsaul.txt,9145,de,,,¬°Deja de jugar!,Stop playin'.,
bettercallsaul.txt,9345,de,,SP,El lugar de Fairground va muy bien.,Fairground spot's doing really good.,
bettercallsaul.txt,9476,para,,PE,Es demasiado para mÌ.,It's too deep for me.,
bettercallsaul.txt,9616,en,,SS,øY luego te sales en el river?,And then you fold at the river?,
bettercallsaul.txt,9791,en,,SS,Problemas en Fifth Street. Unos vagos dicen que no recibieron el producto.,Problem on Fifth Street some skells saying they didn't get their stuff.,
bettercallsaul.txt,9902,a,,DE,PodrÌamos dispararle a la tuberÌa. Con una pistola.,Maybe we could shoot the pipe like with a gun.,
bettercallsaul.txt,9917,con,,ME,PodrÌamos dispararle a la tuberÌa. Con una pistola.,Maybe we could shoot the pipe like with a gun.,
bettercallsaul.txt,9927,a,,DE,No le dispararemos a nada.,Hey we ain't shooting nothin'.,
bettercallsaul.txt,9950,por,,IN,Bueno pagamos por nuestras cosas asÌ que obtendremos nuestras cosas.,Oh okay. Well we paid for our shit so we're getting our shit.,
bettercallsaul.txt,10101,para,,PU,Para rapear de este tubo.,... so I can rap about this pipe.,
bettercallsaul.txt,10120,de,,TO,Para rapear de este tubo.,... so I can rap about this pipe.,
bettercallsaul.txt,10177,a,,XXXX,Nos van a dar nuestro cristal ¬øno?,Hey we're still gettin' our glass right?,
bettercallsaul.txt,10320,de,,RS,øPuedes bajar de ahÌ?,Wanna come down here?,
bettercallsaul.txt,10702,a,,XXXX,Estos idiotas van a revisar todo.,These assholes are gonna turn the whole place upside down.,
bettercallsaul.txt,11191,en,,ID,¬°Suzanne! Suzanne creo que tenemos algo en com˙n.,Suzanne. Suzanne I think we have something in common.,
bettercallsaul.txt,11216,en,,ID,Suzanne creo que tenemos algo en com˙n.,Suzanne I think we have something in common.,
bettercallsaul.txt,11241,en,,ID,Suzanne creo que tenemos algo en com˙n.,Suzanne I think we have something in common.,
bettercallsaul.txt,11341,en,,SS,øEstoy otra vez en Candid Camera?,"Am I on ""Candid Camera"" again?",
bettercallsaul.txt,11350,por,,ID,No pero por cierto luces genial.,No but by the way you looked great.,
bettercallsaul.txt,11395,de,,TO,Debemos hablar de Bruno Leder.,We gotta talk Bruno Leder.,
bettercallsaul.txt,11470,de,,MO,No estoy de acuerdo.,Ah beg to differ.,
bettercallsaul.txt,11570,de,,,Mi peso ligero sÛlo estaba defendiÈndose de un toro salvaje.,Hey my featherweight was simply defending himself against your raging bull.,
bettercallsaul.txt,11627,a,,DE,Bienvenido a la ley McGill.,Welcome back to the law McGill.,
bettercallsaul.txt,11770,de,,TO,øOye quÈ se dice de mover a Tripp al jueves?,Hey. What's the word on moving Tripp to Thursday?,
bettercallsaul.txt,11771,al,,TD,øOye quÈ se dice de mover a Tripp al jueves?,Hey. What's the word on moving Tripp to Thursday?,
bettercallsaul.txt,11792,con,,CO,Funciona con el calendario.,Mm it works on the calendar.,
bettercallsaul.txt,11876,para,,RE,Adelante. øTienes algo para mÌ?,Hey you got something for me?,
bettercallsaul.txt,12027,a,,,A Su SeÒorÌa no le gusta lo de a barbilla.,Her Honor doth protest a chin pillar.,???
bettercallsaul.txt,12045,de,,,A Su SeÒorÌa no le gusta lo de a barbilla.,Her Honor doth protest a chin pillar.,
bettercallsaul.txt,12052,a,,XXXX,Pero se va a cerrar.,But it's gonna close up.,
bettercallsaul.txt,12091,en,,IT,En toda vida debe caer un poco de lluvia.,Into every life a little rain must fall.,
bettercallsaul.txt,12095,de,,SP,En toda vida debe caer un poco de lluvia.,Into every life a little rain must fall.,
bettercallsaul.txt,12102,a,,ST,Nos vemos en el juzgado 103 a las 2:15.,Meet me outside Courtroom 103 at 2:15.,
bettercallsaul.txt,12116,en,,SS,Nos vemos en el juzgado 103 a las 2:15.,Meet me outside Courtroom 103 at 2:15.,
bettercallsaul.txt,12145,de,,,¬°Mitch! øQuÈ opinas de mover a Tripp al jueves?,Mitch uh what say you to moving Tripp to Thursday?,
bettercallsaul.txt,12146,al,,TD,¬°Mitch! øQuÈ opinas de mover a Tripp al jueves?,Mitch uh what say you to moving Tripp to Thursday?,
bettercallsaul.txt,12370,de,,SO,øDe las alcantarillas?,From the sewer?,
bettercallsaul.txt,12441,en,,IT,En fin vieron lo que vieron. Tu fuerte y joven rufi·n golpeÛ a mi pequeÒa patata.,Anyway they saw what they saw... your beefy if youthful hooligan cold-cock my small potato.,
bettercallsaul.txt,12470,de,,,øQuÈ opinas de suspender sentencia libertad condicional de seis meses y 70 horas de servicio comunitario?,So what do you say uh sentence suspended 6 months probation 70 hours community service?,
bettercallsaul.txt,12516,en,,ID,AsÌ se habla. Suzanne creo que tenemos algo en com˙n. Suzanne creo que tenemos algo en com˙n.,That's the spirit. So... Uh. Suzanne I think we have something in common. Suzanne I think we have something in common.,
bettercallsaul.txt,12646,al,,DE,Volviste al ruedo.,You're back in the saddle.,
bettercallsaul.txt,12870,de,,SP,Parece que ser· uno de nuestros mejores aÒos.,Actually it looks like it's gonna be one of our best years ever.,
bettercallsaul.txt,12876,para,,PU,øEst·s disponible para ir a almorzar un dÌa de estos?,I was wondering any chance you're available for lunch sometime?,
bettercallsaul.txt,12877,a,,XXXX,¬øEst√°s disponible para ir a almorzar un d√≠a de estos?,I was wondering any chance you're available for lunch sometime?,
bettercallsaul.txt,12895,de,,SP,øEst·s disponible para ir a almorzar un dÌa de estos?,I was wondering any chance you're available for lunch sometime?,
bettercallsaul.txt,12966,en,,MO,øEn serio?,Really?,
bettercallsaul.txt,13041,en,,SS,Estoy en el libro.,I'm in the book.,
bettercallsaul.txt,13091,en,,ID,Suzanne tenemos algunas cosas en com˙n.,Suzanne I think we have a few things in common.,
bettercallsaul.txt,13145,de,,SP,Pero sÌ. Al ritmo de 16 casos.,Oh we do to the tune of 16 cases.,
bettercallsaul.txt,13146,al,,MO,Pero sÌ. Al ritmo de 16 casos.,Oh we do to the tune of 16 cases.,
bettercallsaul.txt,13177,a,,DE,øQuÈ tal si hacemos una ronda rel·mpago y llegamos a acuerdos en 20 minutos?,How 'bout we do a lightning round? We'll settle these puppies 20 minutes.,
bettercallsaul.txt,13191,en,,ST,øQuÈ tal si hacemos una ronda rel·mpago y llegamos a acuerdos en 20 minutos?,How 'bout we do a lightning round? We'll settle these puppies 20 minutes.,
bettercallsaul.txt,13267,con,,CO,Pero podrÌamos terminar con eso ahora mismo.,But you know let's get it done right now.,
bettercallsaul.txt,13296,al,,TD,Mejor esperemos al jueves.,How about we wait till next Tuesday?,
bettercallsaul.txt,13367,con,,COM,No te desquites con mis clientes.,Don't take it out on my clients.,
bettercallsaul.txt,13375,por,,TO,No es por tus clientes.,This isn't about your clients.,
bettercallsaul.txt,13400,por,,TO,Es por tu cartera.,This is about your wallet.,
bettercallsaul.txt,13476,para,,PU,Quieres rotar m·s clientes para ganar m·s dinero.,You want to churn through more clients make more money.,
bettercallsaul.txt,13645,de,,MO,De acuerdo.,Okay.,
bettercallsaul.txt,13795,de,,,Lo conozco de hace mucho.,I known him a long time.,
bettercallsaul.txt,14001,para,,RE,Tengo algo mejor para Èl.,I got something much better for him.,
bettercallsaul.txt,14051,para,,PU,Necesito que llames a Beau Bindler y hagas cita para maÒana para prepararlo para la declaraciÛn.,I need you to call Beau Bindler and set a meeting for tomorrow a.m. so we can prep him for the deposition.,
bettercallsaul.txt,14125,por,,CA,El tipo se come por ansiedad.,The guy eats his feelings.,
bettercallsaul.txt,14245,de,,MO,De acuerdo.,Alright.,
bettercallsaul.txt,14292,con,,ME,øTu hermana Nancy atacÛ a tu novia tambiÈn Nancy con un rizador?,Your sister Nancy attacked your girlfriend also named Nancy with a curling iron?,
bettercallsaul.txt,14301,para,,PU,NecesitarÈ que nos veamos para saber a quiÈn represento.,I'm gonna need a face-to-face so I know who I'm representing.,
bettercallsaul.txt,14341,en,,SS,Voy en un elevador.,Look I'm in an elevator.,
bettercallsaul.txt,14352,a,,XXXX,Voy a perder la se√±al.,Now I'm gonna lose you.,
bettercallsaul.txt,14566,en,,SS,Estamos en la parte sur del elevador...,We're in the south bank of the supposedly working elevator...,
bettercallsaul.txt,14600,por,,ID,¬°Por favor!,Please.,
bettercallsaul.txt,14665,entre,,RS,Estamos atorados entre los pisos dos y tres.,We're stuck between floors two and three.,
bettercallsaul.txt,14866,de,,TO,"Damas y caballeros del jurado les pregunto øde quÈ va este juicio en realidad?,",Ladies and gentlemen of the jury I ask you what is this trial really about?,
bettercallsaul.txt,14866,en,,MO,"Damas y caballeros del jurado les pregunto øde quÈ va este juicio en realidad?,",Ladies and gentlemen of the jury I ask you what is this trial really about?,
bettercallsaul.txt,14895,de,,SP,"El Estado lo llama vandalismo pero yo llamo al valiente acto de justicia social de mi cliente 'Libertad de expresiÛn constitucionalmente defendida'"".",The state may call it vandalism but I call my client's brave act of social justice 'constitutionally protected free speech'.,
bettercallsaul.txt,14896,al,,RE,"El Estado lo llama vandalismo pero yo llamo al valiente acto de justicia social de mi cliente 'Libertad de expresiÛn constitucionalmente defendida'"".",The state may call it vandalism but I call my client's brave act of social justice 'constitutionally protected free speech'.,
bettercallsaul.txt,14916,en,,MO,øEn serio?,Really?,
bettercallsaul.txt,14966,en,,MO,øPuedes hacerlo en silencio?,Can you do it silently?,
bettercallsaul.txt,15017,con,,POS,"Mi cliente es un hombre joven con gran entereza moral... Entereza moral.,My client is a man of deep moral fortitude... moral fortitude with a passion for progress"".",,
bettercallsaul.txt,15092,con,,POS,"¬°Un ciudadano dedicado con una voz que debe escucharse!,A dedicated citizen with a voice that needs to ring out!""",,
bettercallsaul.txt,15170,de,,SP,Uno de los casos.,One of the cases.,
bettercallsaul.txt,15195,de,,SP,øDe nuestros casos?,What one of our cases?,
bettercallsaul.txt,15270,de,,SP,øRobo de automÛvil?,Motor vehicle theft?,
bettercallsaul.txt,15291,en,,IS,En circunstancias atenuantes.,With mitigating circumstances.,
bettercallsaul.txt,15300,por,,,øPor ejemplo...?,Such as?,
bettercallsaul.txt,15345,de,,POS,Era la minivan de su tÌa.,It was her aunt's minivan.,
bettercallsaul.txt,15391,en,,SS,Estaba estacionada en la entrada.,It was parked in the driveway.,
bettercallsaul.txt,15452,a,,DE,Buena suerte encontrando a un jurado que no pueda identificarse con eso.,So you know good luck finding a jury that's never been reamed out by a relative.,figurative momentum a la Banic
bettercallsaul.txt,15467,con,,CO,Buena suerte encontrando a un jurado que no pueda identificarse con eso.,So you know good luck finding a jury that's never been reamed out by a relative.,
bettercallsaul.txt,15495,de,,MO,Un aÒo de libertad condicional.,One year probation.,
bettercallsaul.txt,15601,para,,RE,øUn aÒo de supervisiÛn para Drew Kirkman?,So full year supervised for Drew Kirkman?,
bettercallsaul.txt,15620,de,,MO,øUn aÒo de supervisiÛn para Drew Kirkman?,So full year supervised for Drew Kirkman?,
bettercallsaul.txt,15720,de,,MO,øCuatro meses de c·rcel?,Ah. Um four months jail?,
bettercallsaul.txt,15745,de,,SP,øLa doble de vampiros?,The vampire stunt?,
bettercallsaul.txt,15970,de,,MO,Y un delito de cuarto grado.,Plus fourth-degree felony.,
bettercallsaul.txt,15977,a,,SP,øPero retiras el daÒo a propiedad?,Uh but ya uh drop the property damage?,
bettercallsaul.txt,16020,de,,SP,Se quedan los cargos de armas.,Keep the weapons charge.,
bettercallsaul.txt,16045,de,,MO,øCatorce meses de c·rcel?,Uh... 14 months jail.,
bettercallsaul.txt,16077,a,,DE,Y multas a determinar.,Plus fines TBD.,figurative momentum a la Banic
bettercallsaul.txt,16102,a,,DE,Y multas a determinar.,Plus fines TBD.,figurative momentum a la Banic
bettercallsaul.txt,16200,por,,IT,Por fin.,Ugh. Finally.,
bettercallsaul.txt,16301,para,,PU,Nos vemos la prÛxima semana. ¬°Para los ˙ltimos tres!,See you next week for the last three.,
bettercallsaul.txt,16325,por,,RE,øServicios legales por la otra mitad?,Legal services for the other half?,
bettercallsaul.txt,16370,de,,POS,øEl problemita de mi hermano?,So my brother's little problem?,
bettercallsaul.txt,16395,de,,POS,Su historial estar· m·s limpio que los Grandes Èxitos de Doris Day.,"Eh his record will be cleaner than ""Doris Day's Greatest Hits"".",
bettercallsaul.txt,16466,en,,TO,Piensa en todo el bien que har·s.,Think of all the good that you'll do.,
bettercallsaul.txt,16501,para,,RE,Debo irme. Saul Goodman justicia veloz para ti.,I gotta jump. Saul Goodman speedy justice for you.,
bettercallsaul.txt,16616,en,,IT,Es lo que hacÌan los caballeros en los viejos tiempos...,It's uh what knights used to do back in... olden times.,
bettercallsaul.txt,16752,a,,PU,øIremos a dar una vuelta o...?,We're just going for a ride or...,
murder.txt,25,por,,IS,Otto firmar· justo por allÌ. justo despuÈs de esta prÛxima lectura.,Otto will be signing just over there right after this next reading.,
murder.txt,45,de,,RT,Otto firmar· justo por allÌ. justo despuÈs de esta prÛxima lectura.,Otto will be signing just over there right after this next reading.,
murder.txt,146,al,,DE,Demos la bienvenida al escenario al autor Darby Hart.,Please welcome author Darby Hart to the stage.,
murder.txt,191,en,,SS,Entonces crecÌ en Lost Nation Iowa.,So I grew up in Lost Nation Iowa.,
murder.txt,245,de,,,AsÌ que pasÈ mucho tiempo rodeado de cad·veres.,So I uh spent a lot of time around dead bodies.,
murder.txt,266,en,,SS,Hay 40.000 muertos no identificados en los Estados Unidos.,There are 40000 unidentified dead in the United States.,
murder.txt,295,de,,,Se cree que alrededor de la mitad de ellos son muertes accidentales.,Around half of those are thought to be accidental deaths.,
murder.txt,343,sin,,AD,Pero la otra mitad son asesinatos sin resolver.,But the other half are unsolved murders.,
murder.txt,349,sin,,AD,Pero la otra mitad son asesinatos sin resolver.,But the other half are unsolved murders.,
murder.txt,366,en,,IS,Como la Jane Doe que apareciÛ en las afueras de mi ciudad.,Like the Jane Doe that turned up on the edge of my town.,
murder.txt,370,de,,POS,Como la Jane Doe que apareciÛ en las afueras de mi ciudad.,Like the Jane Doe that turned up on the edge of my town.,
murder.txt,375,por,,IT,Ella habÌa estado allÌ por mucho tiempo.,She'd been there a long time.,
murder.txt,420,de,,MO,Todo lo que quedÛ de ella fueron sus huesos. y un par de pendientes de plata.,All that was left of her were her bones and a pair of silver earrings.,
murder.txt,470,de,,SP,Cuando tenÌa 15 aÒos hackeÈ la base de datos federal. de los muertos no identificados.,When I was 15 I hacked the federal database of the unidentified dead.,
murder.txt,495,de,,RS,Y el gran secreto detr·s de ese firewall... es que la mayorÌa de los muertos anÛnimos son mujeres.,And the great secret behind that firewall... is that the majority of the unnamed dead are women.,
murder.txt,520,de,,MO,Miles y miles de ellos cuyos asesinos nunca ser·n encontrados.,Thousands and thousands of them whose killers will never be found.,
murder.txt,568,sin,,AD,No puedo contarte mi historia sin hablarte de Bill.,I can't tell you my story without telling you about Bill.,
murder.txt,570,de,,TO,No puedo contarte mi historia sin hablarte de Bill.,I can't tell you my story without telling you about Bill.,
murder.txt,574,sin,,AD,No puedo contarte mi historia sin hablarte de Bill.,I can't tell you my story without telling you about Bill.,
murder.txt,591,en,,SS,Nos conocimos en un foro de detectives aficionados en lÌnea.,We met on an amateur sleuthing forum online.,
murder.txt,591,en,,IS,Nos conocimos en un foro de detectives aficionados en lÌnea.,We met on an amateur sleuthing forum online.,
murder.txt,595,de,,SP,Nos conocimos en un foro de detectives aficionados en lÌnea.,We met on an amateur sleuthing forum online.,
murder.txt,620,de,,POS,Ambos creÌamos que Silver Doe Fue sÛlo una de las muchas vÌctimas del mismo asesino.,We both believed that the Silver Doe was just one of many victims of the same killer.,
murder.txt,641,en,,MO,DespuÈs de un aÒo de investigaciÛn Encontramos lo que creÌamos que era el asesino en serie. primera direcciÛn conocida.,After a year of investigating we found what we believed to be the serial killer's first known address.,
murder.txt,645,de,,RT,DespuÈs de un aÒo de investigaciÛn Encontramos lo que creÌamos que era el asesino en serie. primera direcciÛn conocida.,After a year of investigating we found what we believed to be the serial killer's first known address.,
murder.txt,650,por,,IS,AsÌ que voy a empezar por ahÌ que es uh que en realidad es el final lo cual me dijeron que no debÌas hacer en en estas lecturas pero sÌ lo harÈ de todos modos.,So I'm gonna start there which is uh which is actually the end which I was told you're not meant to do at at these readings but uh yeah I'm gonna do it anyway.,
murder.txt,652,a,,XXXX,As√≠ que voy a empezar por ah√≠ que es uh que en realidad es el final lo cual me dijeron que no deb√≠as hacer en en estas lecturas pero s√≠ lo har√© de todos modos.,So I'm gonna start there which is uh which is actually the end which I was told you're not meant to do at at these readings but uh yeah I'm gonna do it anyway.,
murder.txt,666,en,,ST,AsÌ que voy a empezar por ahÌ que es uh que en realidad es el final lo cual me dijeron que no debÌas hacer en en estas lecturas pero sÌ lo harÈ de todos modos.,So I'm gonna start there which is uh which is actually the end which I was told you're not meant to do at at these readings but uh yeah I'm gonna do it anyway.,
murder.txt,670,de,,MO,AsÌ que voy a empezar por ahÌ que es uh que en realidad es el final lo cual me dijeron que no debÌas hacer en en estas lecturas pero sÌ lo harÈ de todos modos.,So I'm gonna start there which is uh which is actually the end which I was told you're not meant to do at at these readings but uh yeah I'm gonna do it anyway.,
murder.txt,677,a,,IT,"A veces me pregunto Hubiera sido mejor... øno ir?""","I sometimes wonder would it have been better... not to go?""",
murder.txt,716,en,,SS,Lo considero como un punto de partido en el tenis. o un lanzamiento de moneda.,I think about it like a match point in tennis or a coin toss.,
murder.txt,720,de,,SP,Lo considero como un punto de partido en el tenis. o un lanzamiento de moneda.,I think about it like a match point in tennis or a coin toss.,
murder.txt,745,de,,MO,Cuando el juego la apuesta tu vida. podrÌa ir de un modo u otro.,When the game the bet your life could go one way or another.,
murder.txt,775,por,,IT,Es muy difÌcil enamorarse por primera vez. mientras rastrea a un asesino en serie.,It's really hard to fall in love for the first time while tracking a serial killer.,
murder.txt,791,en,,MO,Es muy difÌcil enamorarse por primera vez. mientras rastrea a un asesino en serie.,It's really hard to fall in love for the first time while tracking a serial killer.,
murder.txt,816,en,,SS,Vamos a quÈ øEntrar en la casa de un potencial asesino en serie?,We're just gonna what break into a potential serial killer's house?,
murder.txt,820,de,,POS,Vamos a quÈ øEntrar en la casa de un potencial asesino en serie?,We're just gonna what break into a potential serial killer's house?,
murder.txt,852,a,,MO,Est· a la venta.,It's for sale.,
murder.txt,895,de,,,TodavÌa hay allanamientos de morada.,It's still breaking and entering.,
murder.txt,916,en,,SS,Me recogiste en un auto robado.,You picked me up in a stolen car.,
murder.txt,927,a,,XXXX,Y luego vamos a destrozar la casa. ¬øCon la esperanza de encontrar su primera v√≠ctima?,And then we're gonna what we're gonna tear up the house in hopes of finding his first victim?,
murder.txt,942,con,,CO,Y luego vamos a destrozar la casa. øCon la esperanza de encontrar su primera vÌctima?,And then we're gonna what we're gonna tear up the house in hopes of finding his first victim?,
murder.txt,945,de,,TO,Y luego vamos a destrozar la casa. øCon la esperanza de encontrar su primera vÌctima?,And then we're gonna what we're gonna tear up the house in hopes of finding his first victim?,
murder.txt,952,a,,DE,Mira si quieres rendirte e irte a casa est· bien.,Look if you want to give up and go home that's fine.,
murder.txt,975,por,,MO,Puedo hacer esto por mi cuenta.,I can do this on my own.,
murder.txt,1017,con,,CO,øQuÈ pasa con el FBI?,What about the FBI?,
murder.txt,1043,sin,,AD,No les importar· un caso sin resolver de los aÒos 2000.,They're not gonna care about a cold case from the 2000s.,
murder.txt,1045,de,,SO,No les importar· un caso sin resolver de los aÒos 2000.,They're not gonna care about a cold case from the 2000s.,
murder.txt,1049,sin,,AD,No les importar· un caso sin resolver de los aÒos 2000.,They're not gonna care about a cold case from the 2000s.,
murder.txt,1076,para,,PU,O al menos dig·mosle a la policÌa dÛnde estamos para que sepan adÛnde vamos.,Or at least let's just tell the police where we are so they know where we're going.,
murder.txt,1096,al,,MO,O al menos dig·mosle a la policÌa dÛnde estamos para que sepan adÛnde vamos.,Or at least let's just tell the police where we are so they know where we're going.,
murder.txt,1101,para,,PU,QuÈ para que nos detengan. de demostrar que uno de los suyos era un asesino?,What so they can stop us from proving that one of their own was a killer?,
murder.txt,1120,de,,SO,QuÈ para que nos detengan. de demostrar que uno de los suyos era un asesino?,What so they can stop us from proving that one of their own was a killer?,
murder.txt,1277,a,,DE,Lo que pasa con acercarse a un caso es que realmente empiezas a arder.,The thing about getting close on a case is that you actually start to burn.,
murder.txt,1292,con,,CO,Lo que pasa con acercarse a un caso es que realmente empiezas a arder.,The thing about getting close on a case is that you actually start to burn.,
murder.txt,1320,de,,,Y la ˙nica manera de apagar el fuego es solucionarlo.,And the only way to put out the fire is to solve it.,
murder.txt,1277,a,,DE,Lo que pasa con acercarse a un caso es que realmente empiezas a arder.,The thing about getting close on a case is that you actually start to burn.,
murder.txt,1352,a,,RS,En una milla salir a la derecha.,In one mile exit right.,
murder.txt,1366,en,,DE,En una milla salir a la derecha.,In one mile exit right.,
murder.txt,1378,desde,,SO,Desde la distancia es f·cil de ver. que lo que hicimos fue imprudente.,From a distance it's easy to see that what we did was reckless.,
murder.txt,1395,de,,,Desde la distancia es f·cil de ver. que lo que hicimos fue imprudente.,From a distance it's easy to see that what we did was reckless.,
murder.txt,1420,de,,RT,Pero est·bamos tan cerca de encontrar la primera vÌctima del asesino no supe rendirme o cÛmo sentir el peligro cuando el peligro se acercaba.,But we were so close to finding the killer's first victim I didn't know how to give up or how to sense danger when danger was closing in.,
murder.txt,1427,a,,RS,Gire a la derecha.,Turn right.,
murder.txt,1526,para,,PU,El truco utiliza el procesador de este juguete. para forzar bruscamente el cÛdigo de la puerta del garaje.,The hack uses this toy's processor to brute-force the garage door code.,
murder.txt,1545,de,,POS,El truco utiliza el procesador de este juguete. para forzar bruscamente el cÛdigo de la puerta del garaje.,The hack uses this toy's processor to brute-force the garage door code.,
murder.txt,1566,en,,MO,øCu·nto es esto en tÈrminos de tiempo?,What's this take timewise?,
murder.txt,1570,de,,SP,øCu·nto es esto en tÈrminos de tiempo?,What's this take timewise?,
murder.txt,1592,con,,POS,Bueno es una entrada con cÛdigo fijo asÌ que el juguete tiene que ejecutar todas las combinaciones de n˙meros posibles.,Well it's fixed-code entry so the toy has to run through every number combination possible.,
murder.txt,1595,de,,SP,Bueno es una entrada con cÛdigo fijo asÌ que el juguete tiene que ejecutar todas las combinaciones de n˙meros posibles.,Well it's fixed-code entry so the toy has to run through every number combination possible.,
murder.txt,1645,de,,SO,øDe dÛnde sacaste esto?,Where'd you pick this up?,
murder.txt,1670,de,,SP,Foro de hackers cuando tenÌa 12 aÒos.,Hacker forum when I was 12.,
murder.txt,1789,sobre,,TO,Ella escribiÛ este manifiesto sobre cÛmo la misoginia estaba destruyendo la promesa inicial de Internet.,She wrote this manifesto on how misogyny was destroying the early promise of the Internet.,
murder.txt,1795,de,,POS,Ella escribiÛ este manifiesto sobre cÛmo la misoginia estaba destruyendo la promesa inicial de Internet.,She wrote this manifesto on how misogyny was destroying the early promise of the Internet.,
murder.txt,1852,a,,SP,Hizo porno de venganza Le cortÛ la cabeza a su perro y la puso en la puerta de su casa.,Made revenge porn cut off her dog's head put it on her doorstep.,
murder.txt,1866,en,,SS,Hizo porno de venganza Le cortÛ la cabeza a su perro y la puso en la puerta de su casa.,Made revenge porn cut off her dog's head put it on her doorstep.,
murder.txt,1870,de,,,Hizo porno de venganza Le cortÛ la cabeza a su perro y la puso en la puerta de su casa.,Made revenge porn cut off her dog's head put it on her doorstep.,
murder.txt,1995,de,,SP,Es como uno de los grandes misterios de Internet.,It's like one of the great mysteries of the Internet.,
murder.txt,2041,en,,TO,øAlguna vez pensaste en buscarla?,You ever think about looking for her?,
murder.txt,2091,en,,MO,En realidad nunca antes habÌa probado este truco.,I've never actually tried this hack before.,
murder.txt,2145,de,,MO,De ninguna manera.,No way.,
murder.txt,2245,de,,RT,Tenemos que salir de aquÌ.,We got to get out of here.,
murder.txt,2295,de,,POS,El truco de Lee no menciona eso.,Lee's hack didn't mention that.,
murder.txt,2366,en,,IT,Parece que nadie ha vivido aquÌ en aÒos.,Seems like no one's lived here in years.,
murder.txt,2652,a,,XXXX,Vamos a hacerlo.,Let's do it.,
murder.txt,2720,de,,,Quiz·s nos hayamos equivocado de casa.,Maybe we just got the wrong house.,
murder.txt,2726,para,,PU,No no estoy listo para parar.,No I'm not ready to stop.,
murder.txt,3117,con,,COM,EmpezÛ con su esposa.,He started with his wife.,
murder.txt,3375,por,,IT,SÌ creo que eso es todo lo que puedo soportar por una noche.,Yeah I think that's all I can handle for uh one night.,
murder.txt,3476,para,,PU,Uh lo abriremos para algunas preguntas.,Uh we're gonna open it up for some questions.,
murder.txt,3527,a,,RE,Vi que dedicaste el libro. a Lee Andersen el hacker.,I saw that you dedicated the book to Lee Andersen the hacker.,
murder.txt,3550,por,,ID,øPor quÈ?,Why?,
murder.txt,3595,de,,SP,Um cuando yo estaba creciendo ella era una de las ˙nicas codificadoras que existÌan.,Um when I was growing up she was one of the only female coders around.,
murder.txt,3622,hasta,,IT,Ya sabes hasta que la engaÒaron y destruyeron su vida.,You know until they doxed her and destroyed her life.,
murder.txt,3692,con,,COA,Bueno se casÛ con Andy Ronson.,Well she married Andy Ronson.,
murder.txt,3720,de,,SP,Ya sabes el rey de la tecnologÌa.,You know the King of Tech.,
murder.txt,3727,a,,PU,Y tal vez si me ayudan a vender algunos libros esta noche Entonces puedo dejar mi trabajo de TI. y comprar algunas de sus cosas.,And maybe if y'all help me sell some books tonight then uh I can quit my IT job and actually buy some of his stuff.,
murder.txt,3745,de,,SP,Y tal vez si me ayudan a vender algunos libros esta noche Entonces puedo dejar mi trabajo de TI. y comprar algunas de sus cosas.,And maybe if y'all help me sell some books tonight then uh I can quit my IT job and actually buy some of his stuff.,
murder.txt,3850,por,,ID,øPor quÈ no est· aquÌ esta noche?,Why isn't he here tonight?,
murder.txt,3945,de,,SP,Adem·s tengo las fotos de la escena de Dakota.,Plus I got the Dakota scene photos.,
murder.txt,3966,en,,DE,Lo rebotÈ todo en Dropbox.,Bounced it all to Dropbox.,
murder.txt,4045,de,,POS,øEl asistente de Andy Ronson?,Andy Ronson's assistant?,
murder.txt,4095,de,,,Mira si fuera otra persona dirÌa hackear pero t˙ amigo mÌo acabas de recibir una buena reseÒa del LA Times.,Look if it was someone else I would say hack but you my friend just got a sweet L.A. Times review.,
murder.txt,4166,en,,ST,MencionÈ a Ronson una vez en la lectura de un libro øY ahora quiere compartir algo conmigo?,I mentioned Ronson once in a book reading and now he wants to share something with me?,
murder.txt,4170,de,,SP,MencionÈ a Ronson una vez en la lectura de un libro øY ahora quiere compartir algo conmigo?,I mentioned Ronson once in a book reading and now he wants to share something with me?,
murder.txt,4270,de,,SP,Ronson no utiliza gente de relaciones p˙blicas.,Ronson doesn't use PR people.,
murder.txt,4291,en,,SS,Adem·s todo est· en lÌnea si sabes dÛnde buscar.,Besides everything's online if you know where to look.,
murder.txt,4317,con,,COA,SÌ est· bien pero Quiero decir øpor quÈ un multimillonario quien resulta estar casado con Lee Andersen envi·ndome mensajes de texto?,Yeah all right but I mean why is a billionaire who happens to be married to Lee Andersen texting me?,
murder.txt,4320,de,,SP,SÌ est· bien pero Quiero decir øpor quÈ un multimillonario quien resulta estar casado con Lee Andersen envi·ndome mensajes de texto?,Yeah all right but I mean why is a billionaire who happens to be married to Lee Andersen texting me?,
murder.txt,4477,a,,DE,Apuesto a que est·n tramando alguna mierda oscura.,I bet they're up to some dark shit.,figurative momentum a la Banic
murder.txt,4925,por,,IT,QuÈ placer conocerte por fin.,How nice to finally meet you.,
murder.txt,4952,a,,PU,øNo me vas a invitar a pasar?,Aren't you going to invite me in?,
murder.txt,4976,para,,PU,Estoy aquÌ en nombre de Andy Ronson. para invitarte a su Retiro 2023.,I'm here on Andy Ronson's behalf to invite you to his 2023 Retreat.,
murder.txt,4977,a,,DE,Estoy aquÌ en nombre de Andy Ronson. para invitarte a su Retiro 2023.,I'm here on Andy Ronson's behalf to invite you to his 2023 Retreat.,
murder.txt,4991,en,,MO,Estoy aquÌ en nombre de Andy Ronson. para invitarte a su Retiro 2023.,I'm here on Andy Ronson's behalf to invite you to his 2023 Retreat.,
murder.txt,4995,de,,,Estoy aquÌ en nombre de Andy Ronson. para invitarte a su Retiro 2023.,I'm here on Andy Ronson's behalf to invite you to his 2023 Retreat.,
murder.txt,5020,de,,SP,Una pequeÒa reuniÛn de mentes.,A small gathering of minds.,
murder.txt,5026,para,,PU,Un simposio para discutir el papel de la tecnologÌa para garantizar un futuro humano.,A symposium to discuss technology's role in ensuring a human future.,
murder.txt,5045,de,,POS,Un simposio para discutir el papel de la tecnologÌa para garantizar un futuro humano.,A symposium to discuss technology's role in ensuring a human future.,
murder.txt,5116,en,,TD,El aviÛn sale en dos semanas y regresa la semana siguiente.,The plane departs in two weeks and returns the week after.,
murder.txt,5127,a,,DE,øTe importarÌa unirte a nosotros Darby?,Would you care to join us Darby?,
murder.txt,5343,sin,,AD,Andy me presentÛ cosas. que a mÌ tambiÈn me han dejado sin palabras.,Andy's introduced me to things that have left me speechless too.,
murder.txt,5349,sin,,AD,Andy me presentÛ cosas. que a mÌ tambiÈn me han dejado sin palabras.,Andy's introduced me to things that have left me speechless too.,
murder.txt,5420,de,,AT,"La ""Primavera"" de Vivaldi.","Vivaldi's ""Spring.""",
murder.txt,5470,de,,AT,Las obras completas de Borges.,The collected works of Borges.,
murder.txt,5495,de,,SP,El programa de televisiÛn Los Simpson.,The television program The Simpsons.,
murder.txt,5541,en,,MO,Me lo tomÈ en exceso cuando me sacaron las muelas del juicio.,I binged it when I got my wisdom teeth out.,
murder.txt,5567,con,,COM,SentÌas un parentesco con Lisa.,You felt a kinship to Lisa.,
murder.txt,5591,en,,SS,Es dificil siendo la persona m·s inteligente en la mayorÌa de las habitaciones.,It's hard being the smartest person in most rooms.,
murder.txt,5595,de,,SP,Es dificil siendo la persona m·s inteligente en la mayorÌa de las habitaciones.,It's hard being the smartest person in most rooms.,
murder.txt,5682,durante,,IS,No te sentir·s solo durante el retiro.,You won't be lonely on the retreat.,
murder.txt,5745,de,,TO,Estoy seguro de que encontrar·s a los dem·s asistentes al retiro. Tan fascinante como Lisa Simpson.,I'm sure you'll find the other attendees of the retreat just as fascinating as Lisa Simpson.,
murder.txt,5746,al,,SP,Estoy seguro de que encontrar·s a los dem·s asistentes al retiro. Tan fascinante como Lisa Simpson.,I'm sure you'll find the other attendees of the retreat just as fascinating as Lisa Simpson.,
murder.txt,5775,por,,ID,Por supuesto.,Of course.,
murder.txt,5801,para,,PE,Su trabajo es de gran interÈs tanto para Lee como para Andy.,Your work is of great interest to both Lee and Andy.,
murder.txt,5801,para,,PE,Su trabajo es de gran interÈs tanto para Lee como para Andy.,Your work is of great interest to both Lee and Andy.,
murder.txt,5820,de,,PE,Su trabajo es de gran interÈs tanto para Lee como para Andy.,Your work is of great interest to both Lee and Andy.,
murder.txt,6016,en,,SS,øEst·s en el trabajo?,Uh you at work?,
murder.txt,6066,en,,SS,M˙ltiples laceraciones en el cuello.,Multiple neck lacerations.,
murder.txt,6295,de,,RS,øMagulladuras alrededor del punto de entrada?,Bruising around point of entry?,
murder.txt,6427,a,,DE,Andy Ronson Me invitÛ a un retiro.,Andy Ronson invited me on a retreat.,
murder.txt,6595,de,,SP,No lo sÈ creo que es como una conferencia de tecnologÌa.,I don't know I think it's like a-a tech conference.,
murder.txt,6650,por,,CA,Por seguridad.,For security.,
murder.txt,6745,de,,RE,Bueno estoy orgulloso de ti chico.,Well uh I'm proud of you kiddo.,
murder.txt,6752,a,,XXXX,Y t√∫ te vas a ir ¬øverdad?,And you you're gonna go right?,
murder.txt,6791,en,,SS,Um bueno quiero decir la ˙ltima y ˙nica vez. que estaba en un aviÛn tuve un ataque de p·nico.,Um well I mean the last and only time that I was on a plane I had a panic attack.,
murder.txt,6795,de,,SP,Um bueno quiero decir la ˙ltima y ˙nica vez. que estaba en un aviÛn tuve un ataque de p·nico.,Um well I mean the last and only time that I was on a plane I had a panic attack.,
murder.txt,6842,con,,CO,No soy muy bueno con gente nueva pero um,I'm not great around new people but um,
murder.txt,6852,a,,RE,Quiero decir øpuedes decirle que no a Andy Ronson?,I mean can you say no to Andy Ronson?,
murder.txt,6995,de,,,Me ocuparÈ de que esto se incluya.,I'll see that this gets on board.,
murder.txt,7016,en,,SS,Oh um no puedo ponerlo en el compartimento.,Oh um no I can put it in the compartment.,
murder.txt,7050,por,,ID,Ah por supuesto pero no hay compartimentos superiores.,Oh of course but there are no overhead compartments.,
murder.txt,7166,en,,SS,Estabas en mi lectura.,You were at my reading.,
murder.txt,7202,a,,DE,Me alegra que puedas unirte a nosotros.,Glad you could join us.,
murder.txt,7226,para,,,Trabajo para el Sr. Ronson.,I work for Mr. Ronson.,
murder.txt,7270,de,,SP,Soy su jefe personal de seguridad.,I'm his personal head of security.,
murder.txt,7295,de,,SP,Ahora si no te importa tenemos un r·pido control de salud antes de abordar.,Now if you don't mind we have a quick health check before you board.,
murder.txt,7320,de,,SP,SÛlo un formulario de consentimiento est·ndar.,Just a uh standard consent form.,
murder.txt,7326,para,,PU,HarÈ un control r·pido de temperatura para abordar.,I'll be doing a quick temperature check to board.,
murder.txt,7345,de,,SP,HarÈ un control r·pido de temperatura para abordar.,I'll be doing a quick temperature check to board.,
murder.txt,7401,para,,PU,Est·is todos listos para empezar.,You're all good to go.,
murder.txt,7477,a,,RE,Bienvenido a bordo.,Welcome aboard.,
murder.txt,7621,al,,TO,SÛlo quiero ser sincero al respecto.,Just want to be upfront about that.,
murder.txt,7641,en,,SS,Est·s en la zona de chapoteo.,You're in the splash zone.,
murder.txt,7645,de,,SP,Est·s en la zona de chapoteo.,You're in the splash zone.,
murder.txt,7882,durante,,IS,Durante aÒos he estado...,For years I've been...,
murder.txt,7914,sobre,,TO,He estado intentando desarrollar una pelÌcula sobre todas las mujeres negras desaparecidas en DC,I've been trying to develop a film about all the missing Black women in D.C.,
murder.txt,7916,en,,SS,He estado intentando desarrollar una pelÌcula sobre todas las mujeres negras desaparecidas en DC,I've been trying to develop a film about all the missing Black women in D.C.,
murder.txt,7945,de,,SO,De ahÌ soy.,That's where I'm from.,
murder.txt,8045,de,,SP,Soy un gran admirador de tus pelÌculas.,I'm a great fan of your films.,
murder.txt,8070,de,,TO,Soy consciente de que.,I appreciate that.,
murder.txt,8170,de,,POS,"LA Times la llamÛ ""Sherlock Holmes de la GeneraciÛn Z"".","L.A. Times called her ""Gen Z's Sherlock Holmes.""",
murder.txt,8270,de,,CO,Soy mayor de lo que parezco.,I'm older than I look.,
murder.txt,8414,sobre,,RS,Quiero decir caminaste sobre la luna.,I mean you walked on the moon.,
murder.txt,8495,de,,RT,Todo esto es fascinante pero necesito estar dormido antes de que el aviÛn se mueva.,This is all fascinating but I need to be asleep before the plane moves.,
murder.txt,8570,de,,MO,No estoy de acuerdo.,Disagree.,
murder.txt,8600,por,,AT,Adivina quiÈn est· invitado por quiÈn.,Guess who's invited by who.,
murder.txt,8650,por,,AT,Cinco invitados por Andy cuatro por...,Five invited by Andy four by...,
murder.txt,8701,para,,PE,En los viejos tiempos la distinciÛn entre constructores y no constructores Era muy importante para Andy. Oh øquÈ son los constructores?,Back in the old days the distinction between builders and non-builders was very important to Andy. Oh what's um what's builders?,
murder.txt,8715,entre,,RS,En los viejos tiempos la distinciÛn entre constructores y no constructores Era muy importante para Andy. Oh øquÈ son los constructores?,Back in the old days the distinction between builders and non-builders was very important to Andy. Oh what's um what's builders?,
murder.txt,8716,en,,IT,En los viejos tiempos la distinciÛn entre constructores y no constructores Era muy importante para Andy. Oh øquÈ son los constructores?,Back in the old days the distinction between builders and non-builders was very important to Andy. Oh what's um what's builders?,
murder.txt,8726,para,,PU,Personas que crean empresas para resolver problemas. crear valor real.,People who create companies to solve problems create actual value.,
murder.txt,8750,por,,ID,Su telÈfono celular por favor.,Your cell phone please.,
murder.txt,8850,por,,ID,Por supuesto.,Of course.,
murder.txt,8920,de,,,Esto es como la mitad de mi cerebro.,This is like half my brain.,
murder.txt,8951,para,,PU,es para que puedas disfrutar una experiencia sin dispositivos.,It's so you can enjoy a device-free experience.,
murder.txt,8968,sin,,AD,es para que puedas disfrutar una experiencia sin dispositivos.,It's so you can enjoy a device-free experience.,
murder.txt,8974,sin,,AD,es para que puedas disfrutar una experiencia sin dispositivos.,It's so you can enjoy a device-free experience.,
murder.txt,9020,de,,SP,Le darÈ el mÌo al jefe de mi seguridad.,I'll give mine to the head of my security.,
murder.txt,9021,al,,RE,Le darÈ el mÌo al jefe de mi seguridad.,I'll give mine to the head of my security.,
murder.txt,9069,contra,,RS,Ya sabes Andy ha tenido m·s atentados contra su vida que cualquier jefe de Estado.,You know Andy's had more attempts on his life than any head of state.,
murder.txt,9070,de,,SP,Ya sabes Andy ha tenido m·s atentados contra su vida que cualquier jefe de Estado.,You know Andy's had more attempts on his life than any head of state.,
murder.txt,9076,para,,,Andy simplemente tiene talento para lo dram·tico.,Andy's just got a flair for the dramatic.,
murder.txt,9220,de,,,El piloto vestÌa un jersey de cuello alto y un chaleco de plumas.,The pilot was wearing a turtleneck and a down vest.,
murder.txt,9355,bajo,,RS,Ese no serÌa el Bill Farrah. que hace arte bajo el seudÛnimo de FANGS øno?,That wouldn't happen to be the Bill Farrah that makes art under the pseudonym FANGS would it?,
murder.txt,9370,de,,,Ese no serÌa el Bill Farrah. que hace arte bajo el seudÛnimo de FANGS øno?,That wouldn't happen to be the Bill Farrah that makes art under the pseudonym FANGS would it?,
murder.txt,9441,en,,IT,Pero quiero decir no hemos hablado en seis aÒos asÌ que...,But I mean we haven't spoken in six years so...,
murder.txt,9545,de,,,øPodrÌa darme algo de lo que tengas?,Could I have some of whatever you've got?,
murder.txt,9602,a,,XXXX,Pens√© que √≠bamos a morir.,I thought we were going to die.,
murder.txt,9670,de,,,Son las 6:46 aquÌ de la maÒana.,It's 6:46 here in the a.m.,
murder.txt,9691,en,,SS,Menos siete grados centÌgrados en el suelo.,Minus seven degrees Celsius on the ground.,
murder.txt,9751,para,,PU,Tus coches est·n esperando para llevarte al valle de Fljot.,Your cars are waiting to take you to Fljot Valley.,
murder.txt,9770,de,,,Tus coches est·n esperando para llevarte al valle de Fljot.,Your cars are waiting to take you to Fljot Valley.,
murder.txt,9771,al,,DE,Tus coches est·n esperando para llevarte al valle de Fljot.,Your cars are waiting to take you to Fljot Valley.,
murder.txt,9777,a,,DE,Bienvenido a Islandia.,Welcome to Iceland.,
murder.txt,9802,a,,DE,øEs de mala educaciÛn preguntar a quÈ te dedicas?,Is it rude to ask what you do?,figurative momentum a la Banic
murder.txt,9820,de,,,øEs de mala educaciÛn preguntar a quÈ te dedicas?,Is it rude to ask what you do?,
murder.txt,9866,en,,SS,En China. En Yinchuan.,In China. In Yinchuan.,
murder.txt,9866,en,,SS,En China. En Yinchuan.,In China. In Yinchuan.,
murder.txt,9895,de,,,Est· cerca de Beijing.,Uh it's near Beijing.,
murder.txt,9901,para,,PU,øEst·s aquÌ para vender libros?,You're here to sell books?,
murder.txt,9976,para,,PU,Ya sabes De hecho estoy aquÌ para conocer a Lee Andersen.,You know um I'm actually here to meet Lee Andersen.,
murder.txt,9995,de,,,Ya sabes De hecho estoy aquÌ para conocer a Lee Andersen.,You know um I'm actually here to meet Lee Andersen.,
murder.txt,10045,de,,,Nos acercamos al valle de Fljot.,We're approaching the Fljot Valley.,
murder.txt,10046,al,,DE,Nos acercamos al valle de Fljot.,We're approaching the Fljot Valley.,
murder.txt,10195,de,,,Bienvenidos al valle de Fljot.,Welcome to the Fljot Valley.,
murder.txt,10196,al,,DE,Bienvenidos al valle de Fljot.,Welcome to the Fljot Valley.,
murder.txt,10226,para,,PU,Si necesitas algo durante tu estancia tenga en cuenta que todos estamos aquÌ para ayudar.,If you need anything throughout your stay please know that we are all here to help.,
murder.txt,10232,durante,,IS,Si necesitas algo durante tu estancia tenga en cuenta que todos estamos aquÌ para ayudar.,If you need anything throughout your stay please know that we are all here to help.,
murder.txt,10241,en,,ID,Si necesitas algo durante tu estancia tenga en cuenta que todos estamos aquÌ para ayudar.,If you need anything throughout your stay please know that we are all here to help.,
murder.txt,10295,de,,,Esta es tu llave de anillo.,This is your ring key.,
murder.txt,10302,a,,DE,Te permitir· entrar a tu habitaciÛn asÌ como el spa los baÒos interiores y exteriores.,It will grant you entry into your room as well as the spa the baths indoors and out.,
murder.txt,10325,por,,ID,Por supuesto hay secciones privadas del hotel y tu anillo no te permitir· acceder a ellos.,Of course there are private sections of the hotel and your ring will not grant you access to those.,
murder.txt,10327,a,,DE,Por supuesto hay secciones privadas del hotel y tu anillo no te permitir· acceder a ellos.,Of course there are private sections of the hotel and your ring will not grant you access to those.,figurative momentum a la Banic
murder.txt,10377,a,,RS,Justo en lo alto de las escaleras a la derecha.,Just at the top of the stairs to the right.,
murder.txt,10391,en,,SS,Justo en lo alto de las escaleras a la derecha.,Just at the top of the stairs to the right.,
murder.txt,10395,de,,,Justo en lo alto de las escaleras a la derecha.,Just at the top of the stairs to the right.,
murder.txt,10450,por,,ID,Por favor por aquÌ.,Please this way.,
murder.txt,10591,en,,TO,øLe puedo ayudar en algo?,How can I help you?,
murder.txt,10645,de,,,Soy tu asistente de IA.,I'm your AI assistant.,
murder.txt,10727,a,,DE,Le entreguÈ la invitaciÛn a Andy.,I delivered Andy's invitation.,
murder.txt,10770,de,,,Estamos contentos de que estÈn aquÌ.,We're glad you're here.,
murder.txt,10776,para,,PU,Andy ve esto como una prueba ·rtica para mi desarrollo.,Andy sees this as an arctic test run for my development.,
murder.txt,10851,para,,PU,La cafeÌna es buena para el desfase horario.,Caffeine is good for jet lag.,
murder.txt,11016,en,,SS,Puedes habilitar la proyecciÛn. o puedes probar Ronson Vision en tu mesa de noche.,You can enable projection or you can try out Ronson Vision on your nightstand.,
murder.txt,11020,de,,,Puedes habilitar la proyecciÛn. o puedes probar Ronson Vision en tu mesa de noche.,You can enable projection or you can try out Ronson Vision on your nightstand.,
murder.txt,11077,a,,PU,Te ayudarÈ a conocer el hotel y puedo repasar el itinerario de los prÛximos cinco dÌas.,I'll help you get to know the hotel and I can go over the itinerary for the next five days.,
murder.txt,11095,de,,,Te ayudarÈ a conocer el hotel y puedo repasar el itinerario de los prÛximos cinco dÌas.,I'll help you get to know the hotel and I can go over the itinerary for the next five days.,
murder.txt,11101,para,,,øQuÈ hay en el programa para esta noche?,What's on the schedule for tonight?,
murder.txt,11116,en,,SS,øQuÈ hay en el programa para esta noche?,What's on the schedule for tonight?,
murder.txt,11145,de,,,Una cena de bienvenida.,A welcome dinner.,
murder.txt,11152,a,,RS,øQuieres conocer las biografÌas? de los invitados sentados a cada lado tuyo?,Would you like to know the biographies of the guests seated to either side of you?,
murder.txt,11170,de,,,øQuieres conocer las biografÌas? de los invitados sentados a cada lado tuyo?,Would you like to know the biographies of the guests seated to either side of you?,
murder.txt,11202,a,,RS,A tu izquierda estar· David √Ålvarez Nacido en Argentina.,To your left will be David Alvarez born in Argentina.,
murder.txt,11216,en,,SS,A tu izquierda estar· David √Ålvarez Nacido en Argentina.,To your left will be David Alvarez born in Argentina.,
murder.txt,11226,para,,RE,En la Lista Midas de la revista Forbes para los diez principales capitalistas de riesgo.,On Forbes magazine's Midas List for top ten venture capitalists.,
murder.txt,11241,en,,SS,En la Lista Midas de la revista Forbes para los diez principales capitalistas de riesgo.,On Forbes magazine's Midas List for top ten venture capitalists.,
murder.txt,11245,de,,,En la Lista Midas de la revista Forbes para los diez principales capitalistas de riesgo.,On Forbes magazine's Midas List for top ten venture capitalists.,
murder.txt,11314,sobre,,TO,Sotavento. LeÌ sobre su activismo en Brasil.,Lee. I read about your activism in Brazil.,
murder.txt,11316,en,,SS,Sotavento. LeÌ sobre su activismo en Brasil.,Lee. I read about your activism in Brazil.,
murder.txt,11441,en,,SS,Dimos una verdadera pelea en Paragominas.,We put up a real fight in Paragominas.,
murder.txt,11451,para,,,Sabes yo tenÌa una reputaciÛn en ese momento para conseguir financiaciÛn para los grupos eso realmente podrÌa socavar a los madereros.,You know I had a reputation at that point for getting funding to the groups that could really undermine the loggers.,
murder.txt,11466,en,,ST,Sabes yo tenÌa una reputaciÛn en ese momento para conseguir financiaciÛn para los grupos eso realmente podrÌa socavar a los madereros.,You know I had a reputation at that point for getting funding to the groups that could really undermine the loggers.,
murder.txt,11492,con,,ME,Con la aplicaciÛn deepfake,With the deepfake app,
murder.txt,11566,en,,IS,Y est·s en Internet asÌ que ni siquiera necesito una muestra de tu voz.,And you're all over the Internet so I don't even need a sample of your voice.,
murder.txt,11570,de,,SP,Y est·s en Internet asÌ que ni siquiera necesito una muestra de tu voz.,And you're all over the Internet so I don't even need a sample of your voice.,
murder.txt,11627,a,,DE,Me voy a Marte perras.,I'm going to Mars bitches.,
murder.txt,11720,de,,,Dame algo de crÈdito.,Give me some credit.,
murder.txt,11827,a,,XXXX,No fue un grupo f√°cil de reunir As√≠ que los pr√≥ximos d√≠as van a ser muy valiosos.,This was not an easy group to assemble so the next few days are going to be very precious.,
murder.txt,11845,de,,PU,No fue un grupo f·cil de reunir AsÌ que los prÛximos dÌas van a ser muy valiosos.,This was not an easy group to assemble so the next few days are going to be very precious.,
murder.txt,11901,para,,PU,Me presionÛ mucho para que me acompaÒara a cenar.,He lobbied me very hard to join us for dinner.,
murder.txt,11902,a,,PU,Me presionÛ mucho para que me acompaÒara a cenar.,He lobbied me very hard to join us for dinner.,
murder.txt,11966,en,,SS,Espero que todos os sint·is como en casa aquÌ.,I hope you all feel at home here.,
murder.txt,11976,para,,PU,Andy eligiÛ este valle para las aguas termales Entonces si se unen a nosotros para tomar un baÒo despuÈs de cenar Puedo prometerte que dormir·s como un bebÈ esta noche.,Andy picked this valley for the hot springs so if you all join us for a soak after dinner I can promise you you will sleep like a baby tonight.,
murder.txt,11995,de,,,Andy eligiÛ este valle para las aguas termales Entonces si se unen a nosotros para tomar un baÒo despuÈs de cenar Puedo prometerte que dormir·s como un bebÈ esta noche.,Andy picked this valley for the hot springs so if you all join us for a soak after dinner I can promise you you will sleep like a baby tonight.,
murder.txt,12017,con,,COM,mi esposa dice Esta es la ˙nica manera que conozco de tomarme unas vacaciones. que es b·sicamente seguir trabajando sÛlo que con otras personas.,My wife says this is the only way I know how to take a vacation which is basically to keep working just with other people.,
murder.txt,12020,de,,,mi esposa dice Esta es la ˙nica manera que conozco de tomarme unas vacaciones. que es b·sicamente seguir trabajando sÛlo que con otras personas.,My wife says this is the only way I know how to take a vacation which is basically to keep working just with other people.,
murder.txt,12039,sobre,,TO,Como siempre ella es muy precisa sobre mis vicios.,As always she is very accurate about my vices.,
murder.txt,12050,por,,CA,Por eso me casÈ con ella.,That's why I married her.,
murder.txt,12067,con,,COA,Por eso me casÈ con ella.,That's why I married her.,
murder.txt,12132,durante,,IS,He conocido a algunos de mis amigos m·s cercanos. durante estos retiros.,I've met some of my closest friends during these retreats.,
murder.txt,12145,de,,,He conocido a algunos de mis amigos m·s cercanos. durante estos retiros.,I've met some of my closest friends during these retreats.,
murder.txt,12170,de,,SO,Y algunas innovaciones increÌbles. han surgido de esos encuentros.,And some incredible innovations have come about from those encounters.,
murder.txt,12192,con,,ME,Realmente es sorprendente lo que la gente puede ofrecer al mundo. con el apoyo adecuado.,It really is amazing what people can offer the world with proper support.,
murder.txt,12196,al,,RE,Realmente es sorprendente lo que la gente puede ofrecer al mundo. con el apoyo adecuado.,It really is amazing what people can offer the world with proper support.,
murder.txt,12217,con,,POS,Estoy saliendo del aislamiento de los ˙ltimos aÒos con un par de sorpresas.,I'm emerging from the isolation of the past few years with a couple of surprises.,
murder.txt,12220,de,,MO,Estoy saliendo del aislamiento de los ˙ltimos aÒos con un par de sorpresas.,I'm emerging from the isolation of the past few years with a couple of surprises.,
murder.txt,12266,en,,ST,Est· en la fase beta. pero creo que su introducciÛn al mundo podrÌa ser una especie de revelaciÛn.,He's in the beta phase but I think his introduction to the world could be something of a revelation.,
murder.txt,12270,de,,,Est· en la fase beta. pero creo que su introducciÛn al mundo podrÌa ser una especie de revelaciÛn.,He's in the beta phase but I think his introduction to the world could be something of a revelation.,
murder.txt,12271,al,,RE,Est· en la fase beta. pero creo que su introducciÛn al mundo podrÌa ser una especie de revelaciÛn.,He's in the beta phase but I think his introduction to the world could be something of a revelation.,
murder.txt,12401,para,,,Ahora ustedes son las primeras personas para quedarme en este hotel.,Now you're the first people to stay in this hotel.,
murder.txt,12416,en,,SS,Ahora ustedes son las primeras personas para quedarme en este hotel.,Now you're the first people to stay in this hotel.,
murder.txt,12425,por,,CA,Y la razÛn por la que lo construÌ es porque creo estamos en uno de los ˙ltimos verdaderos Quedaron grandes ·reas de desierto.,And the reason that I built it is because I believe we're in one of the last true great areas of wilderness left.,
murder.txt,12441,en,,SS,Y la razÛn por la que lo construÌ es porque creo estamos en uno de los ˙ltimos verdaderos Quedaron grandes ·reas de desierto.,And the reason that I built it is because I believe we're in one of the last true great areas of wilderness left.,
murder.txt,12445,de,,CA,Y la razÛn por la que lo construÌ es porque creo estamos en uno de los ˙ltimos verdaderos Quedaron grandes ·reas de desierto.,And the reason that I built it is because I believe we're in one of the last true great areas of wilderness left.,
murder.txt,12450,por,,ID,No por favor no le des eso.,No please don't give him that.,
murder.txt,12545,de,,,Cuando este pequeÒo tenga 18 aÒos este planeta que llamamos hogar podrÌa haber superado el punto de no retorno.,By the time this little one is 18 this planet that we call home could be past the point of no return.,
murder.txt,12551,para,,,200 millones de refugiados clim·ticos proyectados para 2050.,200 million climate refugees projected by 2050.,
murder.txt,12570,de,,,200 millones de refugiados clim·ticos proyectados para 2050.,200 million climate refugees projected by 2050.,
murder.txt,12575,por,,CA,26 billones en daÒos por tormentas incendios forestales y sequÌas para 2070.,26 trillion in damages by storms wildfires and droughts by 2070.,
murder.txt,12576,para,,,26 billones en daÒos por tormentas incendios forestales y sequÌas para 2070.,26 trillion in damages by storms wildfires and droughts by 2070.,
murder.txt,12591,en,,MO,26 billones en daÒos por tormentas incendios forestales y sequÌas para 2070.,26 trillion in damages by storms wildfires and droughts by 2070.,
murder.txt,12652,a,,RT,Margaret Atwood dijo en un artÌculo que cuanto m·s nos acerquemos a la crisis clim·tica cuantas menos opciones tengamos pero todavÌa tenemos algunos y tenemos que empezar a hacerlos.,Margaret Atwood said in an article that the nearer we get to the climate crisis the fewer choices we have but we still have some and we have to start making them.,
murder.txt,12666,en,,SS,Margaret Atwood dijo en un artÌculo que cuanto m·s nos acerquemos a la crisis clim·tica cuantas menos opciones tengamos pero todavÌa tenemos algunos y tenemos que empezar a hacerlos.,Margaret Atwood said in an article that the nearer we get to the climate crisis the fewer choices we have but we still have some and we have to start making them.,
murder.txt,12692,con,,CO,Algunos de ustedes son tecnÛlogos Algunos de ustedes son profundamente crÌticos con la tecnologÌa.,Now some of you are technologists some of you are deeply critical of technology.,
murder.txt,12695,de,,,Algunos de ustedes son tecnÛlogos Algunos de ustedes son profundamente crÌticos con la tecnologÌa.,Now some of you are technologists some of you are deeply critical of technology.,
murder.txt,12716,en,,SS,Algunos de ustedes tienen tÌtulos de diseÒador algunos de ustedes abandonaron la universidad como lo hice yo pero todos los que est·n sentados aquÌ en esta mesa es un pensador original.,Some of you have designer degrees some of you dropped out of college like I did but everyone sitting here at this table is an original thinker.,
murder.txt,12720,de,,,Algunos de ustedes tienen tÌtulos de diseÒador algunos de ustedes abandonaron la universidad como lo hice yo pero todos los que est·n sentados aquÌ en esta mesa es un pensador original.,Some of you have designer degrees some of you dropped out of college like I did but everyone sitting here at this table is an original thinker.,
murder.txt,12725,por,,CA,Por eso est·s aquÌ.,That's why you're here.,
murder.txt,12792,con,,CO,Oliver trabajando con robÛtica eso va m·s all· de la ciencia ficciÛn que leÌa cuando era niÒo.,Oliver doing work with robotics that is beyond the science fiction I read as a kid.,
murder.txt,12795,de,,,Oliver trabajando con robÛtica eso va m·s all· de la ciencia ficciÛn que leÌa cuando era niÒo.,Oliver doing work with robotics that is beyond the science fiction I read as a kid.,
murder.txt,12802,a,,DE,Ziba fue pionero en el uso de cifrado de mensajes de extremo a extremo en su activismo en Ir·n.,Ziba pioneered the use of message end-to-end encryption in her activism in Iran.,
murder.txt,12816,en,,SS,Ziba fue pionero en el uso de cifrado de mensajes de extremo a extremo en su activismo en Ir·n.,Ziba pioneered the use of message end-to-end encryption in her activism in Iran.,
murder.txt,12820,de,,,Ziba fue pionero en el uso de cifrado de mensajes de extremo a extremo en su activismo en Ir·n.,Ziba pioneered the use of message end-to-end encryption in her activism in Iran.,
murder.txt,12841,en,,TO,Y Sian que empezÛ como mÈdico podrÌa ser quien nos salve a todos con su investigaciÛn en la idea de colonizar la luna.,And Sian who started off as a doctor could be the one to save us all with her research into the idea of colonizing the moon.,
murder.txt,12842,con,,ME,Y Sian que empezÛ como mÈdico podrÌa ser quien nos salve a todos con su investigaciÛn en la idea de colonizar la luna.,And Sian who started off as a doctor could be the one to save us all with her research into the idea of colonizing the moon.,
murder.txt,12845,de,,,Y Sian que empezÛ como mÈdico podrÌa ser quien nos salve a todos con su investigaciÛn en la idea de colonizar la luna.,And Sian who started off as a doctor could be the one to save us all with her research into the idea of colonizing the moon.,
murder.txt,12871,al,,RE,Todos los que he invitado aquÌ tiene algo extraordinario ofrecer al grupo.,Everyone I've invited here has something extraordinary to offer the group.,
murder.txt,12920,de,,,No tengo idea de lo que est·s haciendo aquÌ.,I have no idea what you're doing here.,
murder.txt,13616,en,,MO,Um sÌ momento perfecto en realidad øsabes?,Um yeah perfect timing actually you know?,
murder.txt,13642,con,,CO,He estado teniendo algunos problemas con mi pecho con este frÌo.,I've been having some trouble with my chest in this cold.,
murder.txt,13751,para,,,Eres joven para ser mÈdico.,You're young to be a doctor.,
murder.txt,13966,en,,MO,øEn realidad?,Really?,
murder.txt,13976,para,,PU,Toma dÈjame darte algo para ayudarte.,Here let me give you something to help.,
murder.txt,14095,de,,,De nada.,You're welcome.,
murder.txt,14342,con,,COA,He estado pasando el rato aquÌ esperando encontrarme con FANGS.,I've been hanging out here hoping to run into FANGS.,
murder.txt,14366,en,,SS,No puedo creer que estÈ en este retiro.,I can't believe he's at this retreat.,
murder.txt,14382,durante,,IS,Bueno estoy moralmente en contra de este tipo de riqueza. pero he admirado su arte su trabajo durante tantos aÒos. y tratÈ de conectarme con Èl y fue imposible AsÌ que cuando oÌ que venÌa,Well I'm morally against this kind of wealth but I've admired his art h-his work for so many years and I tried to connect with him and it was impossible so when I heard he was coming,
murder.txt,14391,en,,SS,Bueno estoy moralmente en contra de este tipo de riqueza. pero he admirado su arte su trabajo durante tantos aÒos. y tratÈ de conectarme con Èl y fue imposible AsÌ que cuando oÌ que venÌa,Well I'm morally against this kind of wealth but I've admired his art h-his work for so many years and I tried to connect with him and it was impossible so when I heard he was coming,
murder.txt,14392,con,,COA,Bueno estoy moralmente en contra de este tipo de riqueza. pero he admirado su arte su trabajo durante tantos aÒos. y tratÈ de conectarme con Èl y fue imposible AsÌ que cuando oÌ que venÌa,Well I'm morally against this kind of wealth but I've admired his art h-his work for so many years and I tried to connect with him and it was impossible so when I heard he was coming,
murder.txt,14394,contra,,RS,Bueno estoy moralmente en contra de este tipo de riqueza. pero he admirado su arte su trabajo durante tantos aÒos. y tratÈ de conectarme con Èl y fue imposible AsÌ que cuando oÌ que venÌa,Well I'm morally against this kind of wealth but I've admired his art h-his work for so many years and I tried to connect with him and it was impossible so when I heard he was coming,
murder.txt,14395,de,,,Bueno estoy moralmente en contra de este tipo de riqueza. pero he admirado su arte su trabajo durante tantos aÒos. y tratÈ de conectarme con Èl y fue imposible AsÌ que cuando oÌ que venÌa,Well I'm morally against this kind of wealth but I've admired his art h-his work for so many years and I tried to connect with him and it was impossible so when I heard he was coming,
murder.txt,14492,con,,CO,Con cenas de destino y aviones privados y...,With destination dinner parties and private planes and...,
murder.txt,14495,de,,,Con cenas de destino y aviones privados y...,With destination dinner parties and private planes and...,
murder.txt,14575,por,,CA,øCrees que Andy est· haciendo todo esto por mierda y risas?,Do you think Andy is doing all this for shits and giggles?,
murder.txt,14670,de,,,Este es un hombre cuyo producto se lanza son m·s esperados que las pelÌculas de gran Èxito.,This is a man whose product launches are more anticipated than tentpole movies.,
murder.txt,14689,sobre,,TO,Tiene planes sobre algo.,He's got designs on something.,
murder.txt,14826,para,,PU,Quiero decir Andy no la har· una audiciÛn para financiar su prÛximo libro.,I mean Andy's not auditioning her to fund her next book.,
murder.txt,14850,por,,ID,No sÈ por quÈ est· Darby aquÌ.,I don't know why Darby's here.,
murder.txt,14875,por,,,Quiz·s Andy lo ama por alg˙n crimen real.,Maybe Andy loves him some true crime.,
murder.txt,14900,por,,,Sabes que su libro trata sobre su viaje por carretera con FANGS øverdad?,You know her book is about her road trip with FANGS right?,
murder.txt,14914,sobre,,TO,Sabes que su libro trata sobre su viaje por carretera con FANGS øverdad?,You know her book is about her road trip with FANGS right?,
murder.txt,14917,con,,COA,Sabes que su libro trata sobre su viaje por carretera con FANGS øverdad?,You know her book is about her road trip with FANGS right?,
murder.txt,14991,en,,IT,En aquel entonces simplemente se hacÌa llamar Bill.,He just went by Bill back then.,
murder.txt,15052,a,,XXXX,Voy a acostarme um pero um... Noche.,I'm gonna turn in um but um... Night.,
murder.txt,15102,a,,PU,øNo est·s dispuesto a romper el hielo?,You're not up for the ice breaker?,
murder.txt,15296,al,,IS,Especialmente las cosas anteriores al caso.,Especially the stuff from before the case.,
murder.txt,15316,en,,SS,Ya sabes crecer en la morgue con tu pap· y crecer sin una mam·.,You know growing up in the morgue with your dad and growing up without a mom.,
murder.txt,15317,con,,COM,Ya sabes crecer en la morgue con tu pap· y crecer sin una mam·.,You know growing up in the morgue with your dad and growing up without a mom.,
murder.txt,15318,sin,,AD,Ya sabes crecer en la morgue con tu pap· y crecer sin una mam·.,You know growing up in the morgue with your dad and growing up without a mom.,
murder.txt,15324,sin,,AD,Ya sabes crecer en la morgue con tu pap· y crecer sin una mam·.,You know growing up in the morgue with your dad and growing up without a mom.,
murder.txt,15326,para,,PU,Que celos tenias de los niÒos del colegio con esos elaborados almuerzos para llevar de madres a las que les importaba una mierda.,How jealous you were of the kids at school with those elaborate packed lunches from mothers who gave a shit.,
murder.txt,15342,con,,POS,Que celos tenias de los niÒos del colegio con esos elaborados almuerzos para llevar de madres a las que les importaba una mierda.,How jealous you were of the kids at school with those elaborate packed lunches from mothers who gave a shit.,
murder.txt,15345,de,,SO,Que celos tenias de los niÒos del colegio con esos elaborados almuerzos para llevar de madres a las que les importaba una mierda.,How jealous you were of the kids at school with those elaborate packed lunches from mothers who gave a shit.,
murder.txt,15370,de,,,SÌ me di cuenta de que tenÌas que ser tu propia madre. e incluso tu propio padre y eso te hace realmente... Realmente duro y realmente fr·gil al mismo tiempo.,Yeah I realized that you had to be your own mother and even your own father and that makes you really... really tough and really fragile at the same time.,
murder.txt,15371,al,,ST,SÌ me di cuenta de que tenÌas que ser tu propia madre. e incluso tu propio padre y eso te hace realmente... Realmente duro y realmente fr·gil al mismo tiempo.,Yeah I realized that you had to be your own mother and even your own father and that makes you really... really tough and really fragile at the same time.,
murder.txt,15389,sobre,,TO,Sabes siempre me preocupÛ que hubiera algo como barato sobre lo que hicimos juntos.,You know I always worried that there was something like cheap about what we did together.,
murder.txt,15445,de,,,QuerÌas asegurarte de que nadie se quedara atr·s.,You wanted to make sure no one fell through the cracks.,
murder.txt,15495,de,,,Supongo que como uno de los m·s famosos. artistas guerrilleros vivos t˙ serÌas el ·rbitro.,I guess as one of the most celebrated guerilla artists alive you would be the arbiter.,
murder.txt,15525,por,,ID,øPor quÈ viniste?,Why'd you come?,
murder.txt,15591,en,,SS,CreÈ esta instalaciÛn que tuvo un gran impacto. en Silicon Valley se llama Insanidad Artificial...,I created this installation that took a big swing at Silicon Valley called Artificial Insan...,
murder.txt,15670,de,,,Uh de todos modos supongo...,Uh anyway I guess...,
murder.txt,15725,por,,ID,øPor quÈ est·s realmente aquÌ?,Why are you really here?,
murder.txt,15800,por,,IS,Es simplemente difÌcil pasar por alto cualquier cosa que no sea la verdad.,It's just hard to put anything but the truth past you.,
murder.txt,15825,por,,CA,Vine por Lee.,I came for Lee.,
murder.txt,15916,en,,SS,Parece que tienes muchas cosas en la cabeza.,You seem like you've got a lot on your mind.,
murder.txt,15975,por,,,Aunque no sabrÌa por dÛnde empezar.,Wouldn't know where to begin though.,
murder.txt,16066,en,,IS,Construyendo todo esto cuando puedes simplemente tumbarte en la nieve. y buscar gratis.,Building all this when you can just lie in the snow and look up for free.,
murder.txt,16100,por,,ID,øPor quÈ te fuiste?,Why'd you leave?,
murder.txt,16291,en,,SS,Adem·s lo que consideras valentÌa en ti mismo,Also the thing you think of as bravery in yourself,
murder.txt,16320,de,,,Yo-yo... No estoy seguro de que sea eso.,I'm-I'm... I'm not sure that's what it is.,
murder.txt,16466,en,,MO,Como a todos los hombres en realidad sÛlo les gustan los hombres.,Just like all men really only like men.,
murder.txt,16476,para,,PU,Entonces inventaron todos los deportes profesionales. para que pudieran tener intimidad entre ellos.,So they invented all of professional sports so they could be intimate with each other.,
murder.txt,16490,entre,,RS,Entonces inventaron todos los deportes profesionales. para que pudieran tener intimidad entre ellos.,So they invented all of professional sports so they could be intimate with each other.,
murder.txt,16527,a,,XXXX,Ven a calentarte conmigo.,Come get warm with me.,
murder.txt,16595,de,,,No de verdad necesito decirte algo.,No really I need to tell you something.,
murder.txt,16600,por,,IN,øQuÈ? Tienes mi cÛdigo nuclear. øY crees que te voy a joder por eso?,What you've got my nuclear code and you think I'm gonna fuck you for it?,
murder.txt,16602,a,,XXXX,¬øQu√©? Tienes mi c√≥digo nuclear. ¬øY crees que te voy a joder por eso?,What you've got my nuclear code and you think I'm gonna fuck you for it?,
murder.txt,16650,por,,ID,Porque ya sabes me dejaste muchas veces. Antes de dejarte y ni siquiera creo que lo sepas por quÈ o cÛmo o cu·ndo.,Because you know you left me many times before I left you and I don't even think you know why or how or when.,
murder.txt,16670,de,,CA,Porque ya sabes me dejaste muchas veces. Antes de dejarte y ni siquiera creo que lo sepas por quÈ o cÛmo o cu·ndo.,Because you know you left me many times before I left you and I don't even think you know why or how or when.,
murder.txt,16695,de,,TO,Era realmente difÌcil estar enamorado de alguien asÌ.,It was really hard to be in love with someone like that.,
murder.txt,16716,en,,SS,Estoy en 11 si cambias de opiniÛn.,I'm in 11 if you change your mind.,
murder.txt,16720,de,,,Estoy en 11 si cambias de opiniÛn.,I'm in 11 if you change your mind.,
murder.txt,16816,en,,MO,Cuerpo en realidad.,Body actually.,
murder.txt,16870,de,,SO,De tu anillo.,From your ring.,
murder.txt,16900,por,,ID,Y por supuesto est· el clima.,And of course there's the weather.,
murder.txt,17352,a,,XXXX,Bill voy a buscar ayuda.,Bill I'm gonna go get help.,
3body.txt,142,con,,CO,¬°Acaben con el contrarrevolucionario!,Strike down the counterrevolutionary!,
3body.txt,171,al,,DE,Traigan al prÛximo.,Bring out the next one.,
3body.txt,295,de,,SP,øNo es usted Profesor de fÌsica?,Aren't you a professor of physics?,
3body.txt,416,en,,ST,En su curso de fÌsica øenseÒÛ la teorÌa de la relatividad?,In your physics course did you teach the theory of relativity?,
3body.txt,420,de,,SP,En su curso de fÌsica øenseÒÛ la teorÌa de la relatividad?,In your physics course did you teach the theory of relativity?,
3body.txt,420,de,,SP,En su curso de fÌsica øenseÒÛ la teorÌa de la relatividad?,In your physics course did you teach the theory of relativity?,
3body.txt,445,de,,SP,Es una de las teorÌas fundamentales de la fÌsica.,Relativity is one of the fundamental theories of physics.,
3body.txt,445,de,,SP,Es una de las teorÌas fundamentales de la fÌsica.,Relativity is one of the fundamental theories of physics.,
3body.txt,466,en,,ST,øCÛmo no enseÒarla en un curso b·sico?,How can a basic survey course not teach it?,
3body.txt,517,con,,COM,Einstein fue al Imperio yanki. ¬°Los ayudÛ con la bomba atÛmica!,Einstein went to the American Imperialists and helped them build the atomic bomb!,
3body.txt,521,al,,DE,Einstein fue al Imperio yanki. ¬°Los ayudÛ con la bomba atÛmica!,Einstein went to the American Imperialists and helped them build the atomic bomb!,
3body.txt,570,de,,MO,Es fÌsica de verdad.,She is a genuine physicist!,
3body.txt,667,con,,ME,Con la ayuda de la juventud revolucionaria ahora lo tengo claro.,With the help of the revolutionary youth it has become clear to me.,
3body.txt,670,de,,,Con la ayuda de la juventud revolucionaria ahora lo tengo claro.,With the help of the revolutionary youth it has become clear to me.,
3body.txt,951,para,,,Da pie para que se lo atribuyan a Dios.,It leaves open a place to be filled by God.,
3body.txt,952,a,,AT,Da pie para que se lo atribuyan a Dios.,It leaves open a place to be filled by God.,
3body.txt,1200,por,,IT,Scotland Yard por fin ha sido ˙til.,Scotland Yard have been helpful for a change.,
3body.txt,1291,en,,SS,NaciÛ en Karachi.,Born in Karachi.,
3body.txt,1316,en,,SS,EstudiÛ CosmologÌa y FÌsica TeÛrica en el MIT.,Studied cosmology and theoretical physics at MIT.,
3body.txt,1345,de,,,La nota de suicidio es inusual.,Strange suicide note.,
3body.txt,1376,para,,,Era el favorito de un sitio de apuestas para el prÛximo Premio Nobel de FÌsica.,One of the betting sites had him as a favorite for the next Nobel Prize in physics.,
3body.txt,1395,de,,,Era el favorito de un sitio de apuestas para el prÛximo Premio Nobel de FÌsica.,One of the betting sites had him as a favorite for the next Nobel Prize in physics.,
3body.txt,1400,por,,,øApuestan por eso?,You can bet on that?,
3body.txt,1425,por,,,Por cualquier cosa jefe.,You can bet on anything boss.,
3body.txt,1470,de,,,øHistorial de enfermedad mental intentos de suicidio o algo asÌ?,History of mental illness previous suicide attempts anything like that?,
3body.txt,1525,por,,ID,Por Dios.,Christ.,
3body.txt,1570,de,,,SabÌa que te irÌas de ˙ltimo.,I knew you'd be the last one here.,
3body.txt,1597,hasta,,IT,Hasta que se apaguen las luces.,Here till the lights go out boss.,
3body.txt,1672,hasta,,IT,Tenemos hasta la medianoche.,But the power's on till midnight so...,
3body.txt,1748,seg˙n,,,Seg˙n los experimentos las teorÌas est·n mal.,According to the experiments all of our theories are wrong.,
3body.txt,1795,de,,,Toda la fÌsica de los ˙ltimos 60 aÒos est· mal.,All of the physics of the past 60 years is wrong.,
3body.txt,1852,a,,XXXX,No vas a tirar esto ¬øverdad?,You're not throwing this away are you?,
3body.txt,1901,para,,,A˙n tienes gran potencial para futuros logros cientÌficos.,You still demonstrate great potential for future scientific accomplishment.,
3body.txt,1927,a,,RE,"Ya perdÌ mi oportunidad. ""Si una persona no hace su gran contribuciÛn a la ciencia antes de los 30 aÒos nunca lo har·"".","Missed my window. ""A person who has not made his great contribution to science before the age of 30 will never do so.""",
3body.txt,1945,de,,,"Ya perdÌ mi oportunidad. ""Si una persona no hace su gran contribuciÛn a la ciencia antes de los 30 aÒos nunca lo har·"".","Missed my window. ""A person who has not made his great contribution to science before the age of 30 will never do so.""",
3body.txt,2041,en,,TO,Einstein no tenÌa razÛn en todo.,Einstein wasn't right about everything.,
3body.txt,2116,en,,TO,øSÌ? øCrees en Dios?,Yeah? Do you believe in God?,
3body.txt,2127,a,,DE,øA eso llegamos?,Is that what it's come to?,
3body.txt,2191,en,,TO,No creo en Dios.,I don't.,
3body.txt,2220,de,,,Acepto que esto desafÌa todas las leyes de la fÌsica pero no justifica la existencia de Dios.,I accept that this defies all known laws of physics but... I don't think that's an argument for God.,
3body.txt,2302,a,,DE,Me vas a cargar a casa.,You know you're carrying me home right?,
3body.txt,2420,de,,,La segunda ley de la termodin·mica.,Second law of thermodynamics.,
3body.txt,2552,a,,XXXX,¬øVan a cantar algo?,So you ladies are gonna sing a song?,
3body.txt,2625,por,,ID,øPor quÈ no?,What do you mean no?,
3body.txt,2727,a,,DE,øA quÈ se dedican?,What do you do then?,
3body.txt,2845,de,,,DiseÒo nanofibras de polÌmeros sintÈticos ajustables.,I design self-assembling synthetic polymer nanofibers.,
3body.txt,2851,para,,PU,FundÈ una empresa que los fabrica para aplicaciones mÈdicas energÈticas y de materiales.,I started a company that manufactures them for a variety of potential medical energy and materials applications.,
3body.txt,2870,de,,,FundÈ una empresa que los fabrica para aplicaciones mÈdicas energÈticas y de materiales.,I started a company that manufactures them for a variety of potential medical energy and materials applications.,
3body.txt,2891,en,,SS,Soy investigadora del grupo de FÌsica TeÛrica en Imperial College y hago un metaestudio de los experimentos de los aceleradores de partÌculas.,I'm a senior researcher in the Theoretical Physics group at Imperial College. I'm doing a metastudy analyzing the results of particle accelerator experiments around the world.,
3body.txt,2895,de,,,Soy investigadora del grupo de FÌsica TeÛrica en Imperial College y hago un metaestudio de los experimentos de los aceleradores de partÌculas.,I'm a senior researcher in the Theoretical Physics group at Imperial College. I'm doing a metastudy analyzing the results of particle accelerator experiments around the world.,
3body.txt,3025,por,,ID,øPor quÈ todos tienen miedo?,Okay why is everyone freaking out?,
3body.txt,3102,a,,PU,Ven a fumar conmigo.,Come have a smoke with me.,
3body.txt,3127,a,,XXXX,Te va a matar.,That shit'll kill you.,
3body.txt,3203,desde,,SO,Saul lo enviÛ la semana pasada desde Oxford.,Saul sent that one just last week from Oxford.,
3body.txt,3228,desde,,SO,Ya pasÛ un tiempo desde la FÌsica de PartÌculas pero no...,It's been a while since Particle Physics but I mean this can't... Nope.,
3body.txt,3245,de,,,Ya pasÛ un tiempo desde la FÌsica de PartÌculas pero no...,It's been a while since Particle Physics but I mean this can't... Nope.,
3body.txt,3320,de,,,øDe todos los aceleradores?,In every accelerator on the planet?,
3body.txt,3325,por,,DI,RevisÈ el cÛdigo CERN lÌnea por lÌnea.,I went through the CERN code line by line.,
3body.txt,3495,de,,,No es un problema de hardware.,Okay so it's a hardware issue.,
3body.txt,3502,a,,DE,Imanes dipolares c·maras de muones calorÌmetros. Revisaron cuatro veces los colisionadores de aquÌ a Beijing.,Dipole magnets muon chambers calorimeters every component checked four times over in every collider from here to Beijing.,
3body.txt,3520,de,,SO,Imanes dipolares c·maras de muones calorÌmetros. Revisaron cuatro veces los colisionadores de aquÌ a Beijing.,Dipole magnets muon chambers calorimeters every component checked four times over in every collider from here to Beijing.,
3body.txt,3666,en,,SS,Es Alicia en el paÌs de las maravillas.,That's fucking Alice in Wonderland.,
3body.txt,3670,de,,,Es Alicia en el paÌs de las maravillas.,That's fucking Alice in Wonderland.,
3body.txt,3727,a,,PU,A ver si le gusta.,See how you like it.,
3body.txt,4227,a,,,Apuesto a que recuerdas la fecha exacta.,I bet you remember to the day.,
3body.txt,4300,por,,ID,øPor quÈ no?,Why not?,
3body.txt,4375,por,,,Por Vera.,To Vera.,
3body.txt,4587,tras,,RS,Las terceras papas fritas m·s vendidas tras las de queso y cebolla y las de carne.,Third highest-selling crisps in the UK after Walkers Cheese and Onion and Monster Munch Beef.,
3body.txt,4595,de,,,Las terceras papas fritas m·s vendidas tras las de queso y cebolla y las de carne.,Third highest-selling crisps in the UK after Walkers Cheese and Onion and Monster Munch Beef.,
3body.txt,4770,de,,,LlegÛ el maldito de Saul.,Fuckin' Saul.,
3body.txt,4777,a,,PU,Ven a saludarlo.,Come say hi.,
3body.txt,4966,en,,SS,IntentÈ aprender en YouTube.,I was trying to figure it out on YouTube.,
3body.txt,5016,en,,SS,Kelvin creÌa que los ·tomos eran nudos de vÛrtices en el Èter.,Well Lord Kelvin thought that atoms were knotted vortices in the ether.,
3body.txt,5020,de,,,Kelvin creÌa que los ·tomos eran nudos de vÛrtices en el Èter.,Well Lord Kelvin thought that atoms were knotted vortices in the ether.,
3body.txt,5152,a,,DE,El tren se acerca a Oxford.,This service is now approaching Oxford where this train will terminate.,
3body.txt,5195,de,,,Aseg˙rense de tener todas sus pertenencias antes de bajar del tren.,Please make sure you have all your belongings with you before you leave the train.,
3body.txt,5250,por,,CA,Gracias por venir.,Thank you for coming.,
3body.txt,5650,por,,ID,No sabe por quÈ pasa.,She has no clue why it's happening. Well still.,
3body.txt,5766,en,,SS,øViniste en auto?,You drove right?,
3body.txt,5816,en,,TO,øCrees en Dios?.,Do you believe in God?,
3body.txt,5866,en,,DE,Pero no tanto como meterse en un tanque Cherenkov.,Not as strange as jumping into a Cherenkov tank but sure.,
3body.txt,5977,a,,,Estaba a cargo del proyecto.,That project was her baby.,
3body.txt,6068,sin,,AD,No se puede justificar usar tanta electricidad sin obtener resultados.,Can't justify using enough electricity to power a small town when you're getting nonsense results.,
3body.txt,6074,sin,,AD,No se puede justificar usar tanta electricidad sin obtener resultados.,Can't justify using enough electricity to power a small town when you're getting nonsense results.,
3body.txt,6091,en,,SS,No sÛlo en Oxford sino en todos los aceleradores.,Not just Oxford. Every major accelerator on the planet.,
3body.txt,6126,para,,PU,øComo para suicidarse?,Yeah. But to kill yourself?,
3body.txt,6250,por,,IT,Te hubiera tenido como asistente por siempre.,She'd have happily kept you on as a research assistant till the end of time.,
3body.txt,6326,para,,,Todos ustedes malditos acadÈmicos brillantes acudir·n a Auggie y a mÌ para sus prÈstamos.,And trust me all of you fucking noble academics you'll be coming to me and Auggie for loans in a few years.,
3body.txt,6402,a,,RS,øCuando tu empresa salga a la bolsa?,When your... When your company goes public?,
3body.txt,6495,de,,,Centro de InvestigaciÛn NanotecnolÛgica.,Uh the Nanotechnology Research Center.,
3body.txt,6627,a,,RE,En las clases sÛlo una persona presta atenciÛn a lo que digo.,Like I have about um... one kid in every class who actually listens to what I'm saying.,
3body.txt,6641,en,,SS,En las clases sÛlo una persona presta atenciÛn a lo que digo.,Like I have about um... one kid in every class who actually listens to what I'm saying.,
3body.txt,6902,a,,XXXX,Jack te quiero pero si no te callas te voy a volar los sesos.,Jack I love you but I swear if you don't shut the fuck up I'm gonna punch a hole straight through your head.,
3body.txt,6927,a,,PU,Voy a salir a fumar.,I'm just gonna grab a cigarette.,
3body.txt,7166,en,,SS,Vivir en este mundo de mierda.,Being a person in this fucked world.,
3body.txt,7170,de,,,Vivir en este mundo de mierda.,Being a person in this fucked world.,
3body.txt,7175,por,,,Entiendo por lo que pasas.,I understand what you're going through.,
3body.txt,7270,de,,,De verdad.,Really.,
3body.txt,7420,de,,,øMenos de dos dÌas?,Less than two days?,
3body.txt,7502,a,,DE,Debes poner fin a tu trabajo.,You put an end to your work.,figurative momentum
3body.txt,7652,a,,TD,øSabes quÈ? MaÒana a la medianoche exactamente a la medianoche sal y mira el cielo.,Tell you what. Tomorrow at midnight at exactly midnight go outside and look up at the sky.,
3body.txt,7652,a,,TD,øSabes quÈ? MaÒana a la medianoche exactamente a la medianoche sal y mira el cielo.,Tell you what. Tomorrow at midnight at exactly midnight go outside and look up at the sky.,
3body.txt,7702,a,,TD,MaÒana a medianoche.,Tomorrow at midnight.,
3body.txt,7727,a,,DE,No quieres que llegue a cero.,You don't want it to get to zero.,
3body.txt,7752,a,,DE,No pasa nada bueno al llegar a cero.,Nothing good ever happens at zero.,
3body.txt,7771,al,,DE,No pasa nada bueno al llegar a cero.,Nothing good ever happens at zero.,
3body.txt,7840,entre,,RS,Entre 300 y 400 aÒos.,Between three and four hundred I assume.,
3body.txt,7853,desde,,SO,Desde la dinastÌa Ming.,That tree saw the Ming emperors.,
3body.txt,7891,en,,TO,Debes haber pensado en las consecuencias de toda esta destrucciÛn.,You must have considered the consequences of all this destruction.,
3body.txt,7895,de,,,Debes haber pensado en las consecuencias de toda esta destrucciÛn.,You must have considered the consequences of all this destruction.,
3body.txt,7927,a,,RE,No le dirÈ nada a Noticias de la Gran ProducciÛn.,I have nothing to say to the Great Production News.,
3body.txt,7945,de,,,No le dirÈ nada a Noticias de la Gran ProducciÛn.,I have nothing to say to the Great Production News.,
3body.txt,7966,en,,MO,No pregunto en nombre del periÛdico.,I'm not asking on behalf of the paper.,
3body.txt,8045,de,,,Nadie sabe quÈ pasa detr·s de esas puertas.,No one knows what goes on behind those gates.,
3body.txt,8120,de,,,Hay tormentas de repente.,Clear weather turns stormy.,
3body.txt,8216,en,,IS,Este libro influyÛ mucho en Occidente.,This book was very influential in the West.,
3body.txt,8245,de,,,Se trata de cÛmo la gente envenena el mundo.,It's about how people are poisoning the world.,
3body.txt,8267,con,,CO,Es como leer el futuro si continuamos con esta destrucciÛn.,It's like reading into the future if we persist with this destruction.,
3body.txt,8277,a,,PU,AquÌ volvemos a recordar que en la naturaleza nada existe en soledad.,Here again we are reminded that in nature nothing exists alone.,
3body.txt,8291,en,,MO,AquÌ volvemos a recordar que en la naturaleza nada existe en soledad.,Here again we are reminded that in nature nothing exists alone.,
3body.txt,8427,a,,DE,No vi a dÛnde iba.,I didn't see where I was going.,
3body.txt,8541,en,,MO,Est· en otro idioma.,It's in English.,
3body.txt,8552,a,,XXXX,¬øDe qui√©n m√°s iba a ser?,Who else's could it be?,
3body.txt,8570,de,,,øDe quiÈn m·s iba a ser?,Who else's could it be?,
3body.txt,8677,a,,DE,LlÈvenla a la direcciÛn.,Take her to Division Headquarters.,
3body.txt,8850,por,,ID,øSabes por quÈ?,Do you know why?,
3body.txt,8901,para,,PE,Para muchos en el partido esto te hace irredimible.,In the eyes of many in the Party this makes you irredeemable.,
3body.txt,8916,en,,SS,Para muchos en el partido esto te hace irredimible.,In the eyes of many in the Party this makes you irredeemable.,
3body.txt,8945,de,,,No lo veo de esa forma.,But I don't see it that way.,
3body.txt,9020,de,,,Debes firmar este documento y tomar una clase de polÌtica y volver·s al Cuerpo de ConstrucciÛn.,All you need to do is sign this paper take a political class and you'll be approved to rejoin the Construction Corps.,
3body.txt,9021,al,,DE,Debes firmar este documento y tomar una clase de polÌtica y volver·s al Cuerpo de ConstrucciÛn.,All you need to do is sign this paper take a political class and you'll be approved to rejoin the Construction Corps.,
3body.txt,9025,por,,ID,Quiero leerlo por favor.,I'd like to read it please.,
3body.txt,9066,en,,RE,ConfÌa en mÌ. Este documento no tiene que ver con el libro imperialista.,You can trust me on this. This document has nothing to do with the Imperialist book.,
3body.txt,9067,con,,CO,ConfÌa en mÌ. Este documento no tiene que ver con el libro imperialista.,You can trust me on this. This document has nothing to do with the Imperialist book.,
3body.txt,9116,en,,SS,Pero hay otros en su campo que a˙n difunden ideas peligrosas.,But there are others in his field still spreading dangerous ideas.,
3body.txt,9144,contra,,RS,No tenemos pruebas contra ellos.,We lack evidence against them.,
3body.txt,9167,con,,COA,No vi a mi padre con ninguna de estas personas.,I've never seen my father with any of these people.,
3body.txt,9170,de,,,No vi a mi padre con ninguna de estas personas.,I've never seen my father with any of these people.,
3body.txt,9295,de,,,Si no firmas te procesar· la ComisiÛn de Control Militar.,If you fail to sign the Military Control Commission will prosecute you.,
3body.txt,9420,de,,,Soy Lei Zhicheng comisario polÌtico de la Base Costa Roja.,I am Lei Zhicheng Political Commissar of Red Coast Base.,
3body.txt,9441,en,,SP,√âl es Yang Weining ingeniero en jefe de la Base Costa Roja.,This is Yang Weining Chief Engineer of Red Coast Base.,
3body.txt,9445,de,,,√âl es Yang Weining ingeniero en jefe de la Base Costa Roja.,This is Yang Weining Chief Engineer of Red Coast Base.,
3body.txt,9516,en,,SS,La posible extensiÛn... . La posible existencia de lÌmites de fase en la zona de radiaciÛn solar y sus caracterÌsticas reflectivas.,"The Possible Extenses of... ""The Possible Existence of Phase Boundaries within the Solar Radiation Zone and Their Reflective Characteristics.""",
3body.txt,9520,de,,,La posible extensiÛn... . La posible existencia de lÌmites de fase en la zona de radiaciÛn solar y sus caracterÌsticas reflectivas.,"The Possible Extenses of... ""The Possible Existence of Phase Boundaries within the Solar Radiation Zone and Their Reflective Characteristics.""",
3body.txt,9616,en,,MO,Que te rehabilites aquÌ y no en prisiÛn.,Rehabilitate yourself here rather than prison.,
3body.txt,9641,en,,SS,Estamos en una base militar.,This is a military base.,
3body.txt,9652,a,,PU,La investigaciÛn aquÌ es altamente clasificada. Y dado tu estatus si te quedas no volver·s a salir.,The research here is of the highest security classification. And given your status if you stay you will never leave.,
3body.txt,9720,de,,,Me quedarÈ aquÌ el resto de mi vida.,I will stay here for the rest of my life.,
3body.txt,9795,de,,,M·s de lo que crees y menos de lo que quieres.,More than you think. Less than you want.,
3body.txt,9817,con,,CO,øPasÛ algo con los Cinco de Oxford?,Anything happening with the Oxford five?,
3body.txt,9820,de,,,øPasÛ algo con los Cinco de Oxford?,Anything happening with the Oxford five?,
3body.txt,9870,de,,,Hay un video extraÒo de Salazar la noche del funeral de Ye.,Some strange CCTV footage on Salazar the night of Vera Ye's funeral.,
3body.txt,9903,desde,,SO,Se le ve poco en p˙blico desde 1984.,Rarely seen in public since 1984.,
3body.txt,9916,en,,IS,Se le ve poco en p˙blico desde 1984.,Rarely seen in public since 1984.,
3body.txt,9928,desde,,SO,No se ha escrito casi nada sobre Èl en 42 aÒos desde que dirige la petrolera del pap·.,Next to nothing written about him for 42 years since he took over daddy's oil company.,
3body.txt,9939,sobre,,RT,No se ha escrito casi nada sobre Èl en 42 aÒos desde que dirige la petrolera del pap·.,Next to nothing written about him for 42 years since he took over daddy's oil company.,
3body.txt,9941,en,,ST,No se ha escrito casi nada sobre Èl en 42 aÒos desde que dirige la petrolera del pap·.,Next to nothing written about him for 42 years since he took over daddy's oil company.,
3body.txt,9966,en,,SS,øAdÛnde fue en ese helicÛptero?,Where'd he go in that helicopter?,
3body.txt,9975,por,,CA,Lo perdimos en el Atl·ntico por un fallo del satÈlite.,We lost him over the Atlantic. Satellite malfunction.,
3body.txt,9991,en,,SS,Lo perdimos en el Atl·ntico por un fallo del satÈlite.,We lost him over the Atlantic. Satellite malfunction.,
3body.txt,10070,de,,,øY lo de Teher·n?,Now what about that thing in Tehran?,
3body.txt,10095,de,,,El casco de bicicleta.,The shiny bicycle helmet?,
3body.txt,10176,para,,PU,Los iranÌes no han colaborado para nada.,The Iranians have been less than completely helpful.,
3body.txt,10220,de,,SO,Clarence te despidieron de Scotland Yard MI5 y OSCT. Debe ser un rÈcord.,Clarence you've been fired from Scotland Yard MI5 and OSCT. That must be some kind of record.,
3body.txt,10226,para,,PU,Me ha servido para mi carrera.,I've got a knack for failing upwards.,
3body.txt,10450,por,,ID,Pero no logro entender por quÈ se suicidarÌa.,But I just can't wrap my head around it why she would do that.,
3body.txt,10516,en,,SS,Las cosas no iban bien en el trabajo.,Her work... Things weren't going well.,
3body.txt,10575,por,,CA,PerdÛn por preguntar pero ødejÛ una nota o alguna explicaciÛn?,I'm sorry to ask but did she leave a note or any explanation?,
3body.txt,10627,a,,RE,Le preguntÛ a Saul sobre Dios.,She asked Saul about God.,
3body.txt,10639,sobre,,TO,Le preguntÛ a Saul sobre Dios.,She asked Saul about God.,
3body.txt,10689,sobre,,TO,øSobre Dios?,About God?,
3body.txt,10716,en,,TO,No creemos en la existencia de Dios.,We're not believers in this house.,
3body.txt,10720,de,,,No creemos en la existencia de Dios.,We're not believers in this house.,
3body.txt,10795,de,,,øHizo algo fuera de lo normal?,Did she do anything strange?,
3body.txt,11166,en,,ST,En otra vida.,In another life.,
3body.txt,11291,en,,ST,En sÛlo tres meses ves tu primera prueba.,Only three months and you get to see your first test.,
3body.txt,11670,de,,,Wade quiere uno de estos cascos.,Wade really wants one of these helmets.,
3body.txt,11820,de,,,Ese casco de bicicleta parece caro.,That bicycle helmet looks expensive.,
3body.txt,11877,a,,RE,SÌ si les pasa a los cientÌficos.,Yes if they happen to scientists.,
3body.txt,11920,de,,,Los suicidios si son de cientÌficos.,Suicides if they happen to scientists.,
3body.txt,11945,de,,,Cualquier cosa rara de los cientÌficos es relevante.,Anything strange happening to scientists is relevant.,
3body.txt,11967,con,,CO,Cualquiera relacionado con algo raro de los cientÌficos es relevante. øQuiÈn decide eso?,Anyone connected to anything strange happening to scientists is relevant. Who decides what's relevant?,
3body.txt,11970,de,,,Cualquiera relacionado con algo raro de los cientÌficos es relevante. øQuiÈn decide eso?,Anyone connected to anything strange happening to scientists is relevant. Who decides what's relevant?,
3body.txt,12120,de,,,No les gusta la nociÛn de que la ciencia no tenga base.,They're not too keen on the notion of science being broken.,
3body.txt,12195,de,,,AlÈgrate de no ser cientÌfico.,Just be glad you're not a scientist.,
3body.txt,12201,para,,PU,Una Època de mierda para ser cientÌfico.,Shit time to be a scientist.,
3body.txt,12220,de,,,Una Època de mierda para ser cientÌfico.,Shit time to be a scientist.,
3body.txt,12277,a,,PU,øVinimos a que me reprendas?,Is that why we're here? This an intervention?,
3body.txt,12327,a,,PU,øA quÈ vinimos?,Well what are we doing here?,
3body.txt,12441,en,,ST,Me pediste que viniera y vine. En esta noche sin luna en este lugar hermoso.,You asked me to come here I am on this moonless night in this beautiful place.,
3body.txt,12443,sin,,AD,Me pediste que viniera y vine. En esta noche sin luna en este lugar hermoso.,You asked me to come here I am on this moonless night in this beautiful place.,
3body.txt,12449,sin,,AD,Me pediste que viniera y vine. En esta noche sin luna en este lugar hermoso.,You asked me to come here I am on this moonless night in this beautiful place.,
3body.txt,12502,a,,ST,Me dijo que mirara al cielo a medianoche y me dio esto.,She said to look at the sky at midnight and gave me this.,
3body.txt,12521,al,,DE,Me dijo que mirara al cielo a medianoche y me dio esto.,She said to look at the sky at midnight and gave me this.,
3body.txt,12545,de,,,Es de un cereal.,It came out of a breakfast cereal.,
3body.txt,12578,desde,,SO,No lo hacen desde 1963.,They haven't made it since 1963.,
3body.txt,12651,para,,PU,Para no influirte.,No confirmation bias.,
3body.txt,12700,por,,CA,Es por la ciencia viejo.,Science dude.,
3body.txt,12725,por,,CA,Por eso est·s aquÌ øbueno?,That's why you're here okay?,
3body.txt,12775,por,,CA,Gracias por venir.,Thank you for being here.,
3body.txt,12971,al,,PE,El nombre debe reflejar lo que se siente al comer el cereal.,The name should reflect and support what it feels like to eat the cereal.,??
3body.txt,13102,a,,XXXX,No todos aqu√≠ est√°n de acuerdo con lo que se va a hacer.,Not everyone here agrees with what is about to be done.,
3body.txt,13117,con,,CO,No todos aquÌ est·n de acuerdo con lo que se va a hacer.,Not everyone here agrees with what is about to be done.,
3body.txt,13120,de,,,No todos aquÌ est·n de acuerdo con lo que se va a hacer.,Not everyone here agrees with what is about to be done.,
3body.txt,13125,por,,CA,Es por tu estatus polÌtico.,Given your political status.,
3body.txt,13150,por,,CA,Por recomendaciÛn del ingeniero en jefe Yang decidimos contarte el objetivo del Proyecto Costa Roja.,On Chief Engineer Yang's recommendation we have decided to inform you of the true nature of the Red Coast Project.,
3body.txt,13166,en,,SP,Por recomendaciÛn del ingeniero en jefe Yang decidimos contarte el objetivo del Proyecto Costa Roja.,On Chief Engineer Yang's recommendation we have decided to inform you of the true nature of the Red Coast Project.,
3body.txt,13320,de,,,Costa Roja no es un programa de armas.,Red Coast is not an experimental weapons program.,
3body.txt,13395,de,,,Los sistemas de armas no precisan modulaciÛn de frecuencia.,Frequency modulation is not necessary for weapons systems.,
3body.txt,13426,para,,PU,No es necesario para el armamento.,It is not necessary for weaponization.,
3body.txt,13451,para,,PU,Pero sÌ para la comunicaciÛn.,But it is necessary for communication.,
3body.txt,13667,con,,COA,øLa comunicaciÛn con quiÈn?,Communication... with whom?,
3body.txt,13691,en,,SS,Con quien sea que estÈ en el exterior.,With whomever is out there.,
3body.txt,13692,con,,COA,Con quien sea que estÈ en el exterior.,With whomever is out there.,
3body.txt,13825,por,,ID,øNo quieres saber por quÈ parpadean las estrellas?,Don't you want to know why the stars flickered for you?,
3body.txt,13870,de,,,Es lo que Vera jugaba antes de suicidarse.,This is what Vera was playing before she killed herself.,
3body.txt,13895,de,,,Tu misiÛn es resolver el acertijo de este mundo.,Your mission is to solve the riddle of this world.,
3body.txt,13945,de,,,Hay alguien detr·s de todo.,There's someone behind everything.,
yellowstone.txt,27,a,,DE,Montana se ir· a la quiebra.,This state's gonna go bankrupt.,
yellowstone.txt,70,de,,,A mÌ me parece un motivo de destituciÛn.,Sounds like an impeachable offense to me.,
yellowstone.txt,141,en,,MO,Lo digo muy en serio.,I really mean it.,
yellowstone.txt,152,a,,IS,El Departamento del Interior ha aprobado dos oleoductos a travÈs de la Reserva.,The Department of Interior has approved two pipelines through the reservation.,??
yellowstone.txt,170,de,,,El Departamento del Interior ha aprobado dos oleoductos a travÈs de la Reserva.,The Department of Interior has approved two pipelines through the reservation.,
yellowstone.txt,216,en,,SS,Porque sÈ quiÈn quiere su cargo y utilizar·n esto en su contra.,Because I know who's coming after your office and they'll use this against you.,
yellowstone.txt,245,de,,,Si el estado de Montana mata el rebaÒo øle pagan algo?,If the state kills the herd will they pay you back?,
yellowstone.txt,270,de,,,No sÈ cÛmo reconstruir un siglo de genÈtica.,I don't know how we rebuild a hundred years of genetics.,
yellowstone.txt,296,al,,DE,Tenemos que trasladar el rebaÒo al sur.,Need to move our herd down south.,
yellowstone.txt,346,al,,DI,14 al mes.,1.4 a month.,periocidad
yellowstone.txt,367,con,,COA,IrÈ con el rebaÒo.,I'll go with the herd.,
yellowstone.txt,402,a,,DE,øA dÛnde?,Where?,
yellowstone.txt,441,en,,ST,Alg˙n sitio donde no nieve en invierno.,Somewhere where is doesn't snow in the winter.,
yellowstone.txt,475,por,,ID,øPor quÈ no me dijiste que se cayÛ del caballo?,Why didn't you just tell me he fell off his horse?,
yellowstone.txt,545,de,,,Hay algo que puedo hacer pero si lo hago jam·s podr·s marcharte de aquÌ.,There's a thing I could do but if I do it you don't ever leave this place.,
yellowstone.txt,570,de,,,Ser·s parte de este rancho hasta que mueras.,You'll be part of this ranch until the day you die.,
yellowstone.txt,572,hasta,,IT,Ser·s parte de este rancho hasta que mueras.,You'll be part of this ranch until the day you die.,
yellowstone.txt,639,sobre,,TO,Sobre mi hija.,About my daughter.,
yellowstone.txt,675,por,,CA,Le mataste por eso.,Um... You killed him over it.,
yellowstone.txt,745,de,,,HablÛ de ella...,He... He talked about her...,
yellowstone.txt,825,por,,ID,øY por quÈ te molestÛ?,Why did it bother you?,
yellowstone.txt,952,a,,DE,Lo cual me lleva a la siguiente pregunta...,Which leads me to my next question...,
yellowstone.txt,990,entre,,RS,øHay algo entre mi hija y t˙?,Is something going on between you and my daughter?,
yellowstone.txt,1050,por,,CA,Solo tienes que luchar por mÌ para proteger a alguien del rancho o al propio rancho.,The only time you fight working for me is to protect somebody on this ranch or the ranch itself.,
yellowstone.txt,1051,para,,PU,Solo tienes que luchar por mÌ para proteger a alguien del rancho o al propio rancho.,The only time you fight working for me is to protect somebody on this ranch or the ranch itself.,
yellowstone.txt,1126,para,,RE,Hace mucho tiempo los vaqueros llegaban trabajaban para alg˙n rancho y luego desaparecÌan.,A long time ago cowboys would drift in and get work on some outfit then disappear.,
yellowstone.txt,1217,con,,CO,Descubres muy r·pido quiÈn est· comprometido con la marca cuando saben que tambiÈn tienen que llevarla.,You find out real fast who's willing to ride for the brand when they learn they gotta wear it.,
yellowstone.txt,1245,de,,,DespuÈs de eso dejaron de robarnos el ganado.,Our cattle stopped getting stolen after that.,
yellowstone.txt,1275,por,,IT,Te comprometes con este rancho de por vida.,You are committing yourself to this ranch for the rest of life.,
yellowstone.txt,1292,con,,CO,Te comprometes con este rancho de por vida.,You are committing yourself to this ranch for the rest of life.,
yellowstone.txt,1295,de,,,Te comprometes con este rancho de por vida.,You are committing yourself to this ranch for the rest of life.,
yellowstone.txt,1347,hasta,,IT,Tendr·s un hogar hasta el dÌa que te mueras... o el rancho ya no exista.,You will have a home till the day you die... or this ranch is no more.,
yellowstone.txt,1350,por,,CA,Bien... Eso es algo por lo que de verdad merece la pena luchar.,Now... that is something worth fighting for.,
yellowstone.txt,1370,de,,,Bien... Eso es algo por lo que de verdad merece la pena luchar.,Now... that is something worth fighting for.,
yellowstone.txt,1440,entre,,RS,No esto es entre t˙ y los vaqueros que lo llevan.,Nah this is between you and the cowboys that wear it.,
yellowstone.txt,1552,a,,DE,Otro viaje de vuelta a Wyoming.,Another ride back to Wyoming.,
yellowstone.txt,1570,de,,MO,Otro viaje de vuelta a Wyoming.,Another ride back to Wyoming.,
yellowstone.txt,1595,de,,SO,Pero de ese no volver·s.,But you ain't coming back from the next one.,
yellowstone.txt,1677,a,,XXXX,Ma√±ana te va a doler.,You gonna hurt tomorrow!,
yellowstone.txt,1871,al,,DE,Dale cartas al chico.,Let's deal the kid in.,
yellowstone.txt,1925,por,,ID,øPor quÈ los vaqueros se levantan a las tres si no desayunan hasta las seis?,Why do cowboys get up at three in the morning if breakfast is served at six?,
yellowstone.txt,1927,a,,ST,øPor quÈ los vaqueros se levantan a las tres si no desayunan hasta las seis?,Why do cowboys get up at three in the morning if breakfast is served at six?,
yellowstone.txt,1947,hasta,,IT,øPor quÈ los vaqueros se levantan a las tres si no desayunan hasta las seis?,Why do cowboys get up at three in the morning if breakfast is served at six?,
yellowstone.txt,1991,en,,TO,Y en eso tardas tres horas øno?,Takes you three hours does it?,
yellowstone.txt,2042,con,,ME,Los vaqueros presumen de honestidad pero todos los dÌas los comienzas con una mentira.,So cowboys pride themselves on honesty but you start every day with a lie.,
yellowstone.txt,2045,de,,,Los vaqueros presumen de honestidad pero todos los dÌas los comienzas con una mentira.,So cowboys pride themselves on honesty but you start every day with a lie.,
yellowstone.txt,2102,a,,ST,No se desayuna a las seis.,Breakfast ain't at six.,
yellowstone.txt,2127,a,,ST,No a las seis estaremos descargando camiones.,No we'll be unloading trailers by six.,
yellowstone.txt,2152,a,,ST,Ya pero cuando programamos una operaciÛn a las siete no queremos decir las 5:45.,Yes and when we schedule a surgery at seven we don't mean 5:45.,
yellowstone.txt,2202,a,,ST,øY a quÈ hora es el desayuno?,So what time is breakfast?,
yellowstone.txt,2245,de,,,Ese es uno de los grandes misterios de la vida.,That is one of life's great mysteries.,
yellowstone.txt,2270,de,,,Esa serÌa una buena forma de perderse el desayuno.,That's a good way to miss breakfast altogether.,
yellowstone.txt,2296,al,,IT,VolverÈ al mediodÌa.,Back around noon.,
yellowstone.txt,2325,por,,,Esto tambiÈn es una prueba por si te lo preguntabas.,This is a test too in case you were wondering.,
yellowstone.txt,2550,por,,,Oye calma. Lo siento por el vaquero que tenga que domarte.,Easy... Hey easy. I feel sorry for the cowboy who's gotta to break you.,
yellowstone.txt,2692,con,,COM,No hay que seguir con las de dos aÒos.,Naw we gotta work the two year-olds.,
yellowstone.txt,2695,de,,,No hay que seguir con las de dos aÒos.,Naw we gotta work the two year-olds.,
yellowstone.txt,2714,sobre,,IT,VolverÈ sobre las seis.,Be home around six.,
yellowstone.txt,2726,para,,PU,Vale øquÈ quieres para cenar?,All right. What do you want for supper?,
yellowstone.txt,2820,de,,SO,Primero tienes que cenar o te consumir·s de tanto quererme.,You gotta have supper first. You're gonna wither away from loving me.,
yellowstone.txt,2845,de,,,No es mala forma de morir.,That's not a bad way to go.,
yellowstone.txt,2852,a,,TD,Bueno te verÈ a las seis.,All right I'll see you at six.,
yellowstone.txt,2895,de,,SO,øNo te duelen los pies de llevar todo el dÌa las botas?,Ain't your feet sore from being in them boots all day?,
yellowstone.txt,2946,al,,MO,Pero al menos es un dolor seco.,But uh at least it's a dry sore.,
yellowstone.txt,2996,al,,MO,SÌ la gente siempre se queja del calor pero luego dicen al menos es un calor seco.,Yeah people always complain about the heat but then they say at least it's a dry heat.,
yellowstone.txt,3027,a,,SS,DedÌcate a lo tuyo cielo.,Stay in your lane baby.,??
yellowstone.txt,3120,de,,,Los masajes de pies.,Foot rubs.,
yellowstone.txt,3145,de,,,Masajes de pies.,Foot rubs.,
yellowstone.txt,3195,de,,,Un masaje de espalda estarÌa bien.,Maybe some back rubs would be good.,
yellowstone.txt,3250,por,,IS,Tienes vÌa libre por toda la autopista.,The whole freeway is fair game.,
yellowstone.txt,3366,en,,MO,De broma nada lo digo muy en serio.,I am not joking. I'm very serious.,
yellowstone.txt,3370,de,,,De broma nada lo digo muy en serio.,I am not joking. I'm very serious.,
yellowstone.txt,3445,de,,,A˙n no has terminado de trabajar Jimmy.,Your work day ain't over Jimmy.,
yellowstone.txt,3570,de,,,Eso dices siempre y nunca lo haces y ya hay un montÛn de esas hijas de puta.,You say that every day and then you never do it and now there's a whole pile of them sons of bitches.,
yellowstone.txt,3595,de,,,Una montaÒita de chapas.,A little bottle cap mountain.,
yellowstone.txt,3667,con,,CO,Espero que con la suerte que tienes compres loterÌa.,I hope you're buying lottery tickets. Lucky as you got.,
yellowstone.txt,3702,a,,XXXX,¬øQu√© vas a hacer?,What you gonna do?,
yellowstone.txt,3866,en,,SS,No est·s en posiciÛn de negociar.,You are not in a position to negotiate.,
yellowstone.txt,3870,de,,,No est·s en posiciÛn de negociar.,You are not in a position to negotiate.,
yellowstone.txt,3927,a,,DE,øA dÛnde las llev·is?,Where are you taking them?,
yellowstone.txt,3966,en,,IS,Hemos arrendado tierras en el noroeste de Texas.,We leased some ground in the panhandle of Texas.,
yellowstone.txt,3970,de,,,Hemos arrendado tierras en el noroeste de Texas.,We leased some ground in the panhandle of Texas.,
yellowstone.txt,4066,en,,ST,Bueno al menos no pasar·n frÌo en invierno.,Well at least they won't be cold in the winter.,
yellowstone.txt,4071,al,,MO,Bueno al menos no pasar·n frÌo en invierno.,Well at least they won't be cold in the winter.,
yellowstone.txt,4116,en,,ST,Tendr·n frÌo de sobra en invierno.,They're gonna be plenty cold in the winter.,
yellowstone.txt,4120,de,,,Tendr·n frÌo de sobra en invierno.,They're gonna be plenty cold in the winter.,
yellowstone.txt,4195,de,,,Me ha ayudado m·s de lo que crees...,It helped me more than you know I've...,
yellowstone.txt,4203,desde,,SO,Me consuela todos los dÌas desde que me lo dijiste y... todas las noches.,I've leaned on it every day since you said it and... every night.,
yellowstone.txt,4226,para,,PU,Mira a veces creo que Dios nos envÌa tragedias para que podamos contar a la siguiente generaciÛn de sufridores cÛmo las superamos si es que eso tiene alg˙n sentido.,You know I think sometimes how we survived it to the next generation of sufferers if that makes any sense. God gives us tragedies so we can pass along,
yellowstone.txt,4227,a,,IT,Mira a veces creo que Dios nos envÌa tragedias para que podamos contar a la siguiente generaciÛn de sufridores cÛmo las superamos si es que eso tiene alg˙n sentido.,You know I think sometimes how we survived it to the next generation of sufferers if that makes any sense. God gives us tragedies so we can pass along,
yellowstone.txt,4245,de,,,Mira a veces creo que Dios nos envÌa tragedias para que podamos contar a la siguiente generaciÛn de sufridores cÛmo las superamos si es que eso tiene alg˙n sentido.,You know I think sometimes how we survived it to the next generation of sufferers if that makes any sense. God gives us tragedies so we can pass along,
yellowstone.txt,4252,a,,RE,Y puede que alg˙n dÌa gracias a todo ese conocimiento desaparezcan las tragedias.,And maybe someday all that knowledge leads to no tragedies at all.,
yellowstone.txt,4352,a,,XXXX,Tengo que pedirle algo a Kayce pero ambos sabemos quiÈn lleva los pantalones en vuestra relaciÛn asÌ que me saltarÈ el intermediario y te lo pregunto a ti.,I got something to ask Kayce but we both know who wears the pants in your deal so I'm just gonna cut out the middle man and ask you.,
yellowstone.txt,4366,en,,SS,Tengo que pedirle algo a Kayce pero ambos sabemos quiÈn lleva los pantalones en vuestra relaciÛn asÌ que me saltarÈ el intermediario y te lo pregunto a ti.,I got something to ask Kayce but we both know who wears the pants in your deal so I'm just gonna cut out the middle man and ask you.,
yellowstone.txt,4416,en,,SS,Me necesitan en Helena.,I'm needed in Helena.,
yellowstone.txt,4442,con,,CO,Necesito a Rip con el ganado y no tengo a nadie que se encargue de este sitio.,I need Rip with the cattle and I have no one to run this place.,
yellowstone.txt,4445,de,,,Necesito a Rip con el ganado y no tengo a nadie que se encargue de este sitio.,I need Rip with the cattle and I have no one to run this place.,
yellowstone.txt,4470,de,,,Al lado de la Reserva tenemos algo llamado Campamento Este.,Next to the reservation is what's called East Camp.,
yellowstone.txt,4471,al,,RS,Al lado de la Reserva tenemos algo llamado Campamento Este.,Next to the reservation is what's called East Camp.,
yellowstone.txt,4502,a,,IN,øA cambio de quÈ?,In exchange for what?,
yellowstone.txt,4520,de,,,øA cambio de quÈ?,In exchange for what?,
yellowstone.txt,4545,de,,,El rancho no podr· ser alg˙n dÌa de Tate si lo perdemos.,The ranch can't be Tate's some day if the ranch isn't here.,
yellowstone.txt,4570,de,,SO,Necesito su ayuda la de todos vosotros.,I need his help. I need it from all of you.,
yellowstone.txt,4752,a,,RE,Cargaremos estos cuatro camiones y nos pondremos en marcha. Le dirÈ a Lloyd que cargue los dem·s y los envÌe allÌ abajo.,We'll load up these four trucks and we'll hit the road and I'll get Lloyd to load up the rest and get 'em down there.,
yellowstone.txt,4766,en,,MO,Cargaremos estos cuatro camiones y nos pondremos en marcha. Le dirÈ a Lloyd que cargue los dem·s y los envÌe allÌ abajo.,We'll load up these four trucks and we'll hit the road and I'll get Lloyd to load up the rest and get 'em down there.,
yellowstone.txt,4776,para,,PU,øYa tienes una cuadrilla para ayudarte allÌ abajo?,You figure out a crew to help when you get down there?,
yellowstone.txt,4842,con,,CO,No quiero que se haga el vaquero con nuestros caballos de exhibiciÛn.,I don't need him cowboying on our show horses.,
yellowstone.txt,4845,de,,,No quiero que se haga el vaquero con nuestros caballos de exhibiciÛn.,I don't need him cowboying on our show horses.,
yellowstone.txt,5014,sobre,,TO,Ya sabes lo que dicen sobre ser vaquero... Si fuera f·cil todos lo harÌan.,You know what they say about cowboying... if it was easy everyone would do it.,
yellowstone.txt,5076,para,,PU,øPuedes venir maÒana a ayudar para que salga lo que queda?,Can you come tomorrow and get the rest on the road?,
yellowstone.txt,5077,a,,PU,øPuedes venir maÒana a ayudar para que salga lo que queda?,Can you come tomorrow and get the rest on the road?,
yellowstone.txt,5102,a,,RE,Se lo preguntarÈ a mi mujer.,I need to ask my wife.,
yellowstone.txt,5245,de,,,Eres m·s fuerte de lo que yo era.,You're stronger than I was.,
yellowstone.txt,5425,por,,CA,Gracias por venir.,Thank you for coming.,
yellowstone.txt,5500,por,,ID,øPor quÈ hay tan pocos consejeros?,Why so few council members?,
yellowstone.txt,5527,a,,IS,Me cuesta creer que apoyen un oleoducto a travÈs de la Reserva.,I find it hard to believe they'd support a pipeline through the reservation.,
yellowstone.txt,5545,de,,,Me cuesta creer que apoyen un oleoducto a travÈs de la Reserva.,I find it hard to believe they'd support a pipeline through the reservation.,
yellowstone.txt,5652,a,,PU,Suponiendo que hayas venido a eso.,Assuming you're here to give it.,
yellowstone.txt,5691,en,,IS,Bueno no me gustarÌa nada tener un oleoducto en mis tierras.,Well this is how bad I don't want a pipeline on my land.,
yellowstone.txt,5767,con,,CO,Muy bien øy quiÈn empieza con esto?,All right so who starts this deal?,
yellowstone.txt,5802,a,,RE,Te lo dejarÈ a ti.,I'll leave that to you.,
yellowstone.txt,5870,de,,,De acuerdo.,All right.,
yellowstone.txt,5901,para,,PU,He convocado esta reuniÛn de urgencia de la Asamblea para denunciar una negligencia atroz.,I have called this emergency meeting of the Assembly to address an egregious act of dereliction.,
yellowstone.txt,5920,de,,,He convocado esta reuniÛn de urgencia de la Asamblea para denunciar una negligencia atroz.,I have called this emergency meeting of the Assembly to address an egregious act of dereliction.,
yellowstone.txt,5941,en,,MO,Al cancelar la financiaciÛn del Aeropuerto Internacional de Paradise Valley y las ·reas circundantes residenciales comerciales y comunidades mixtas el gobernador Dutton ha quebrantado las leyes de Montana y su juramento al cargo de actuar siempre en beneficio de Montana.,In canceling funding for the Paradise Valley International Airport and surrounding residential commercial and mixed communities and his sworn oath of office to act in the best interests of the state. Governor Dutton has violated state law and his sworn oath of office to act in the best interests of the state.,
yellowstone.txt,5945,de,,,Al cancelar la financiaciÛn del Aeropuerto Internacional de Paradise Valley y las ·reas circundantes residenciales comerciales y comunidades mixtas el gobernador Dutton ha quebrantado las leyes de Montana y su juramento al cargo de actuar siempre en beneficio de Montana.,In canceling funding for the Paradise Valley International Airport and surrounding residential commercial and mixed communities and his sworn oath of office to act in the best interests of the state. Governor Dutton has violated state law and his sworn oath of office to act in the best interests of the state.,
yellowstone.txt,5946,al,,DE,Al cancelar la financiaciÛn del Aeropuerto Internacional de Paradise Valley y las ·reas circundantes residenciales comerciales y comunidades mixtas el gobernador Dutton ha quebrantado las leyes de Montana y su juramento al cargo de actuar siempre en beneficio de Montana.,In canceling funding for the Paradise Valley International Airport and surrounding residential commercial and mixed communities and his sworn oath of office to act in the best interests of the state. Governor Dutton has violated state law and his sworn oath of office to act in the best interests of the state.,"""al cancelar la financiacion"", figurative destination"
yellowstone.txt,5946,al,,,Al cancelar la financiaciÛn del Aeropuerto Internacional de Paradise Valley y las ·reas circundantes residenciales comerciales y comunidades mixtas el gobernador Dutton ha quebrantado las leyes de Montana y su juramento al cargo de actuar siempre en beneficio de Montana.,In canceling funding for the Paradise Valley International Airport and surrounding residential commercial and mixed communities and his sworn oath of office to act in the best interests of the state. Governor Dutton has violated state law and his sworn oath of office to act in the best interests of the state.,"""su juramento al cargo de actuar"""
yellowstone.txt,5952,a,,DE,Ha expuesto a Montana a una demanda lo cual me han informado que es inminente.,He has exposed the state to litigation which I have been informed is forthcoming.,figurative momentum
yellowstone.txt,5991,en,,MO,Ha robado a Montana miles de millones en ingresos fiscales y miles de empleos.,He has robbed the state of billions in tax revenue and thousands of jobs.,
yellowstone.txt,5995,de,,,Ha robado a Montana miles de millones en ingresos fiscales y miles de empleos.,He has robbed the state of billions in tax revenue and thousands of jobs.,
yellowstone.txt,6002,a,,DE,Al duplicar los impuestos a los no residentes e instaurar un impuesto a las ventas a no residentes Èl amenaza con extinguir la mayor y ˙nica fuente de ingresos de Montana: el turismo.,By doubling taxes on non-residents and initiating a sales tax on non-residents he threatens to extinguish our state's single biggest generator of revenue: Tourism.,
yellowstone.txt,6017,con,,ME,Al duplicar los impuestos a los no residentes e instaurar un impuesto a las ventas a no residentes Èl amenaza con extinguir la mayor y ˙nica fuente de ingresos de Montana: el turismo.,By doubling taxes on non-residents and initiating a sales tax on non-residents he threatens to extinguish our state's single biggest generator of revenue: Tourism.,
yellowstone.txt,6020,de,,,Al duplicar los impuestos a los no residentes e instaurar un impuesto a las ventas a no residentes Èl amenaza con extinguir la mayor y ˙nica fuente de ingresos de Montana: el turismo.,By doubling taxes on non-residents and initiating a sales tax on non-residents he threatens to extinguish our state's single biggest generator of revenue: Tourism.,
yellowstone.txt,6021,al,,DE,Al duplicar los impuestos a los no residentes e instaurar un impuesto a las ventas a no residentes Èl amenaza con extinguir la mayor y ˙nica fuente de ingresos de Montana: el turismo.,By doubling taxes on non-residents and initiating a sales tax on non-residents he threatens to extinguish our state's single biggest generator of revenue: Tourism.,figurative momentum
yellowstone.txt,6026,para,,RE,Son unas decisiones calculadas y despiadadas que solo benefician al propio gobernador y que tendr·n unas consecuencias devastadoras para el electorado la gente que nos eligiÛ.,These are callous calculated actions that are only in the best interest of the governor himself and will have devastating consequences for our constituents the people who elected us.,
yellowstone.txt,6050,por,,CA,El motivo por el que estamos aquÌ.,The reason we are here.,
yellowstone.txt,6095,de,,,El progreso es... Parece como si solo hablara de eso.,Progress. It's uh... seems that's all ever talk about.,
yellowstone.txt,6113,hacia,,,Pero nunca he hablado de lo que significa en realidad esa palabra... Significa ¬´avanzar ir hacia delante¬ª nada m·s.,"But I never talk about what the word actually means... it means ""to proceed"" ""to move forward"" that's all.",
yellowstone.txt,6116,en,,MO,Pero nunca he hablado de lo que significa en realidad esa palabra... Significa ¬´avanzar ir hacia delante¬ª nada m·s.,"But I never talk about what the word actually means... it means ""to proceed"" ""to move forward"" that's all.",
yellowstone.txt,6120,de,,,Pero nunca he hablado de lo que significa en realidad esa palabra... Significa ¬´avanzar ir hacia delante¬ª nada m·s.,"But I never talk about what the word actually means... it means ""to proceed"" ""to move forward"" that's all.",
yellowstone.txt,6126,para,,PE,Normalmente interpretamos avanzar como algo positivo... Mejor para nosotros como pueblo mejor para el planeta lo cual tambiÈn suele ser bueno para la gente.,Typically we interpret moving forward as better... better for us as a people better for the planet which is usually better for us as a people.,
yellowstone.txt,6166,en,,MO,Y si lo empleamos en ese sentido yo estoy de acuerdo.,And if we use it in that manner I agree.,
yellowstone.txt,6170,de,,,Y si lo empleamos en ese sentido yo estoy de acuerdo.,And if we use it in that manner I agree.,
yellowstone.txt,6189,sobre,,RS,Pero cuando algo beneficia a un grupo sobre otro ya no puedes emplear esa palabra.,But when something benefits one group over another group you can't use that word anymore.,
yellowstone.txt,6225,por,,,Tirar un oleoducto bajo el agua potable de una comunidad ya de por sÌ presionada y empobrecida puede que sea progreso para los dueÒos del oleoducto. O los dueÒos de lo que transporte el oleoducto o para los que lo reciben pero podrÌa tener unas consecuencias desastrosas para la tierra y la gente que vive sobre el oleoducto.,Running a pipeline beneath the drinking water of an already strained and impoverished community may be progress for the owners of the pipeline or owners of whatever runs through the pipeline or for those receiving it but it could lead to disastrous effects to the land and the people this pipeline runs beneath.,
yellowstone.txt,6226,para,,PE,Tirar un oleoducto bajo el agua potable de una comunidad ya de por sÌ presionada y empobrecida puede que sea progreso para los dueÒos del oleoducto. O los dueÒos de lo que transporte el oleoducto o para los que lo reciben pero podrÌa tener unas consecuencias desastrosas para la tierra y la gente que vive sobre el oleoducto.,Running a pipeline beneath the drinking water of an already strained and impoverished community may be progress for the owners of the pipeline or owners of whatever runs through the pipeline or for those receiving it but it could lead to disastrous effects to the land and the people this pipeline runs beneath.,
yellowstone.txt,6230,bajo,,RS,Tirar un oleoducto bajo el agua potable de una comunidad ya de por sÌ presionada y empobrecida puede que sea progreso para los dueÒos del oleoducto. O los dueÒos de lo que transporte el oleoducto o para los que lo reciben pero podrÌa tener unas consecuencias desastrosas para la tierra y la gente que vive sobre el oleoducto.,Running a pipeline beneath the drinking water of an already strained and impoverished community may be progress for the owners of the pipeline or owners of whatever runs through the pipeline or for those receiving it but it could lead to disastrous effects to the land and the people this pipeline runs beneath.,
yellowstone.txt,6239,sobre,,RS,Tirar un oleoducto bajo el agua potable de una comunidad ya de por sÌ presionada y empobrecida puede que sea progreso para los dueÒos del oleoducto. O los dueÒos de lo que transporte el oleoducto o para los que lo reciben pero podrÌa tener unas consecuencias desastrosas para la tierra y la gente que vive sobre el oleoducto.,Running a pipeline beneath the drinking water of an already strained and impoverished community may be progress for the owners of the pipeline or owners of whatever runs through the pipeline or for those receiving it but it could lead to disastrous effects to the land and the people this pipeline runs beneath.,
yellowstone.txt,6245,de,,,Tirar un oleoducto bajo el agua potable de una comunidad ya de por sÌ presionada y empobrecida puede que sea progreso para los dueÒos del oleoducto. O los dueÒos de lo que transporte el oleoducto o para los que lo reciben pero podrÌa tener unas consecuencias desastrosas para la tierra y la gente que vive sobre el oleoducto.,Running a pipeline beneath the drinking water of an already strained and impoverished community may be progress for the owners of the pipeline or owners of whatever runs through the pipeline or for those receiving it but it could lead to disastrous effects to the land and the people this pipeline runs beneath.,
yellowstone.txt,6267,con,,CO,Eso no tiene nada que ver con el progreso.,Which is not progress at all.,
yellowstone.txt,6275,por,,CA,Y es por esa gente... y por el futuro de Montana...,And it is for those people and for the future of Montana...,
yellowstone.txt,6295,de,,,Y es por esa gente... y por el futuro de Montana...,And it is for those people and for the future of Montana...,
yellowstone.txt,6300,por,,CA,Y por ese motivo como gobernador de Montana no puedo apoyarlo y emplearemos todo el peso de mi administraciÛn para impedir que suceda.,And for that reason as governor of Montana of my office to prevent it from happening. I cannot support that endeavor and will use the full weight,
yellowstone.txt,6301,para,,PU,Y por ese motivo como gobernador de Montana no puedo apoyarlo y emplearemos todo el peso de mi administraciÛn para impedir que suceda.,And for that reason as governor of Montana of my office to prevent it from happening. I cannot support that endeavor and will use the full weight,
yellowstone.txt,6320,de,,SO,Y por ese motivo como gobernador de Montana no puedo apoyarlo y emplearemos todo el peso de mi administraciÛn para impedir que suceda.,And for that reason as governor of Montana of my office to prevent it from happening. I cannot support that endeavor and will use the full weight,
yellowstone.txt,6330,bajo,,CA,Que la FiscalÌa General bajo el ArtÌculo 5 y SecciÛn 13 de la ConstituciÛn de Montana solicita plantear al Senado su posible destituciÛn.,That the Attorney General's office under Article 5 and section 13 of the State Constitution is requesting a Senate Tribunal seeking impeachment.,
yellowstone.txt,6345,de,,,Que la FiscalÌa General bajo el ArtÌculo 5 y SecciÛn 13 de la ConstituciÛn de Montana solicita plantear al Senado su posible destituciÛn.,That the Attorney General's office under Article 5 and section 13 of the State Constitution is requesting a Senate Tribunal seeking impeachment.,
yellowstone.txt,6346,al,,RE,Que la FiscalÌa General bajo el ArtÌculo 5 y SecciÛn 13 de la ConstituciÛn de Montana solicita plantear al Senado su posible destituciÛn.,That the Attorney General's office under Article 5 and section 13 of the State Constitution is requesting a Senate Tribunal seeking impeachment.,
yellowstone.txt,6452,a,,XXXX,Eso es lo que yo iba a decir.,That's what I was going to say.,
yellowstone.txt,6514,sobre,,TO,HablÛ sobre mejorar la calidad de vida de aquÌ.,He spoke about improving the quality of life here.,
yellowstone.txt,6520,de,,,HablÛ sobre mejorar la calidad de vida de aquÌ.,He spoke about improving the quality of life here.,
yellowstone.txt,6545,de,,,HablÛ de las escuelas de nuestras clÌnicas y nuestra soberanÌa.,He spoke of the schools our health clinics our sovereignty.,
yellowstone.txt,6602,a,,RE,Gobernador Dutton øva a responder a la acusaciÛn?,Governor Dutton can you respond to the charges?,
yellowstone.txt,6645,de,,,øDe quÈ hablan?,What are they saying?,
yellowstone.txt,6725,por,,CA,Por eso dije que no era apto para el cargo.,This is why I said he's not fit for this office.,
yellowstone.txt,6726,para,,PU,Por eso dije que no era apto para el cargo.,This is why I said he's not fit for this office.,
yellowstone.txt,6870,de,,,De haberlo sabido no habrÌa venido.,If I'd known this was going to happen I wouldn't have come.,
yellowstone.txt,6939,sobre,,TO,Este acto no es sobre mÌ.,This moment isn't about me.,
yellowstone.txt,6977,a,,,Los problemas a los que se enfrenta la Reserva son autÈnticos.,The issues facing this reservation are real.,???
yellowstone.txt,7016,en,,SS,Mucho m·s que cualquier pantomima que tengan montada ahora mismo en Helena.,Far more real than any theater being played out in Helena right now.,
yellowstone.txt,7100,por,,IN,Habla de demandas por daÒos pero nadie ha presentado ninguna demanda asÌ que no hay daÒos a tener en cuenta.,He talks about litigation and damages but no litigation has been filed so there's no damages to consider.,
yellowstone.txt,7102,a,,PU,Habla de demandas por daÒos pero nadie ha presentado ninguna demanda asÌ que no hay daÒos a tener en cuenta.,He talks about litigation and damages but no litigation has been filed so there's no damages to consider.,
yellowstone.txt,7116,en,,ID,Habla de demandas por daÒos pero nadie ha presentado ninguna demanda asÌ que no hay daÒos a tener en cuenta.,He talks about litigation and damages but no litigation has been filed so there's no damages to consider.,
yellowstone.txt,7120,de,,TO,Habla de demandas por daÒos pero nadie ha presentado ninguna demanda asÌ que no hay daÒos a tener en cuenta.,He talks about litigation and damages but no litigation has been filed so there's no damages to consider.,
yellowstone.txt,7151,para,,PU,A veces para que empiece todo solo hacen falta conjeturas.,Sometimes conjecture is all you need to get started.,
yellowstone.txt,7152,a,,IT,A veces para que empiece todo solo hacen falta conjeturas.,Sometimes conjecture is all you need to get started.,
yellowstone.txt,7220,de,,,No es esa clase de batalla Clara.,It's not that kind of fight Clara.,
yellowstone.txt,7242,con,,ME,Con la verdad no ganaremos esta vez.,Truth won't win this one.,
yellowstone.txt,7267,con,,ME,Pues si con la verdad no basta no sÈ quÈ har· falta.,Well if truth won't win it I don't know what will.,
yellowstone.txt,7317,con,,ME,Yo no sÈ luchar con amenazas.,I don't know how to fight with menace.,
yellowstone.txt,7377,a,,TO,øA quÈ te refieres?,What do you mean?,
yellowstone.txt,7417,con,,COA,Mi padre se ha marchado øpor quÈ no est·s con Èl?,My father's gone. Why aren't you with him?,
yellowstone.txt,7441,en,,SS,Estoy en arresto domiciliario no puedo irme.,I'm on house arrest. I can't go with him.,
yellowstone.txt,7466,en,,SS,Pues anoche bien que estuviste en la feria.,Well you were with him at the county fair last night.,
yellowstone.txt,7571,al,,AD,Cuando renuncias al feminismo lo haces del todo.,When you forsake feminism you go all in.,
yellowstone.txt,7645,de,,,DÈjate de hostias Summer.,Don't sell me that bullshit Summer.,
yellowstone.txt,7666,en,,SS,Que anoche estuviste con Èl en la feria.,You were with him last night at the country fair.,
yellowstone.txt,7667,con,,COA,Que anoche estuviste con Èl en la feria.,You were with him last night at the country fair.,
yellowstone.txt,7692,con,,RS,Con sus tropas rode·ndonos.,With his stormtroopers on either side of us.,
yellowstone.txt,7722,hasta,,IS,Pues no parecÌas una prisionera cuando te metÌa la lengua hasta la garganta.,Well you didn't look like much of a captive sucking his tongue down your throat.,
yellowstone.txt,7750,por,,ID,øPor quÈ te molesta tanto que vea en Èl lo mismo que t˙?,Why does it bother you so much that I see in him exactly what you see?,
yellowstone.txt,7766,en,,SS,øPor quÈ te molesta tanto que vea en Èl lo mismo que t˙?,Why does it bother you so much that I see in him exactly what you see?,
yellowstone.txt,7777,a,,POS,A mÌ no me pone chuparle la cara a mi padre.,I have no desire to suck my father's face.,
yellowstone.txt,7802,a,,TO,Ya sabes a quÈ me referÌa.,You know what I mean.,
yellowstone.txt,7852,a,,PU,IrÈ a foll·rmelo.,I'll go fuck him.,
yellowstone.txt,7942,con,,POS,Ya decÌa yo con esos putos sobacos peludos que tienes.,Course you do with your hairy fucking armpits.,
yellowstone.txt,7995,de,,,Como toques mis M&M de la nevera te matarÈ mientras duermes.,You touch my peanut M in the freezer. I will kill you in your sleep.,
yellowstone.txt,8002,a,,AD,Duermo con un cuchillo y soy alÈrgica a los cacahuetes.,I sleep with a knife. And I have a peanut allergy.,
yellowstone.txt,8017,con,,CO,Duermo con un cuchillo y soy alÈrgica a los cacahuetes.,I sleep with a knife. And I have a peanut allergy.,
yellowstone.txt,8070,de,,,Si ya has terminado de insultarme quiero que veas algo.,If you're done insulting me I have something I need to show you.,
yellowstone.txt,8100,por,,CA,Y es por esa gente y por el futuro de Montana que la FiscalÌa General bajo el ArtÌculo 5 y SecciÛn 13 de la ConstituciÛn de Montana solicita plantear al Senado su posible destituciÛn.,And it is for those people and for the future of Montana that the Attorney General's office under Article 5 and section 13 of the State Constitution is requesting a Senate Tribunal seeking impeachment.,
yellowstone.txt,8105,bajo,,CA,Y es por esa gente y por el futuro de Montana que la FiscalÌa General bajo el ArtÌculo 5 y SecciÛn 13 de la ConstituciÛn de Montana solicita plantear al Senado su posible destituciÛn.,And it is for those people and for the future of Montana that the Attorney General's office under Article 5 and section 13 of the State Constitution is requesting a Senate Tribunal seeking impeachment.,
yellowstone.txt,8120,de,,,Y es por esa gente y por el futuro de Montana que la FiscalÌa General bajo el ArtÌculo 5 y SecciÛn 13 de la ConstituciÛn de Montana solicita plantear al Senado su posible destituciÛn.,And it is for those people and for the future of Montana that the Attorney General's office under Article 5 and section 13 of the State Constitution is requesting a Senate Tribunal seeking impeachment.,
yellowstone.txt,8121,al,,RE,Y es por esa gente y por el futuro de Montana que la FiscalÌa General bajo el ArtÌculo 5 y SecciÛn 13 de la ConstituciÛn de Montana solicita plantear al Senado su posible destituciÛn.,And it is for those people and for the future of Montana that the Attorney General's office under Article 5 and section 13 of the State Constitution is requesting a Senate Tribunal seeking impeachment.,
yellowstone.txt,8127,a,,DE,El voto de la Asamblea fue 67 a 33 a favor.,The assembly voted 67 to 33 in favor.,
yellowstone.txt,8127,a,,DE,El voto de la Asamblea fue 67 a 33 a favor.,The assembly voted 67 to 33 in favor.,
yellowstone.txt,8145,de,,,El voto de la Asamblea fue 67 a 33 a favor.,The assembly voted 67 to 33 in favor.,
yellowstone.txt,8152,a,,,Eso enfrenta al gobernador John Dutton a la primera posible destituciÛn en la historia de Montana.,Now that subjects Governor John Dutton to the first impeachment tribunal in the state's history.,???
yellowstone.txt,8166,en,,IT,Eso enfrenta al gobernador John Dutton a la primera posible destituciÛn en la historia de Montana.,Now that subjects Governor John Dutton to the first impeachment tribunal in the state's history.,
yellowstone.txt,8170,de,,,Eso enfrenta al gobernador John Dutton a la primera posible destituciÛn en la historia de Montana.,Now that subjects Governor John Dutton to the first impeachment tribunal in the state's history.,
yellowstone.txt,8302,a,,DE,Si tu familia se ha marchado øcÛmo volver·s a casa?,If your family's gone how are you gonna get home?,
yellowstone.txt,8452,a,,TO,No me referÌa a eso claro que sabes es que...,No I didn't mean like 'can you drive' of course you can drive it's just...,
yellowstone.txt,8520,de,,,øCu·ndo terminas de trabajar?,What time you done working?,
yellowstone.txt,8566,en,,ST,Estamos en verano nadie tiene clases.,It's summer. Nobody has school tomorrow.,
yellowstone.txt,8700,por,,PU,Hay mucho por desensillar.,That's a lot to unsaddle.,
yellowstone.txt,8751,para,,PU,No soy tan orgulloso como para negarme.,I ain't too proud to say no. Okay.,
yellowstone.txt,8800,por,,,Ve a por esa.,Grab that one.,
yellowstone.txt,8802,a,,TO,Ve a por esa.,Grab that one.,
yellowstone.txt,8891,en,,SS,En Texas no hace frÌo øno?,It's not cold in Texas is it?,
yellowstone.txt,8927,a,,XXXX,Ah√≠ abajo se te van a pelar los huevos de fr√≠o.,You gonna freeze the fuzz of them little peaches down there.,
yellowstone.txt,8945,de,,,AhÌ abajo se te van a pelar los huevos de frÌo.,You gonna freeze the fuzz of them little peaches down there.,
yellowstone.txt,8951,para,,DE,La vez que m·s frÌo pasÈ fue vigilando terneros para el Pitchfork en enero.,Coldest I ever been is prowling heifers on the Pitchfork in January.,
yellowstone.txt,8966,en,,ST,La vez que m·s frÌo pasÈ fue vigilando terneros para el Pitchfork en enero.,Coldest I ever been is prowling heifers on the Pitchfork in January.,
yellowstone.txt,9027,a,,DE,A donde vamos no hay ·rboles que tapen el viento.,There ain't no trees to break the wind where we're going.,
yellowstone.txt,9050,por,,DI,Y cuando el viento sople a 35 km por hora no lo volverÈis a llamar solo un viento chicos.,And you won't call a twenty-mile-an hour wind a wind after a winter down there guys.,
yellowstone.txt,9052,a,,SS,Y cuando el viento sople a 35 km por hora no lo volverÈis a llamar solo un viento chicos.,And you won't call a twenty-mile-an hour wind a wind after a winter down there guys.,
yellowstone.txt,9091,en,,SS,Mejor que aquÌ estar·n casi en MÈxico.,Better than here. They're damn near to Mexico.,
yellowstone.txt,9120,de,,SP,Es m·s frÌo que el corazÛn de una madrastra chicos.,It's colder than a mother-in-law's heart down there boys.,
yellowstone.txt,9141,en,,MO,En serio.,I'm telling you.,
yellowstone.txt,9191,en,,SS,Mejor dejarlo en el camiÛn que no tenerlo.,It's better it lives in the truck than not to have it at all.,
yellowstone.txt,9220,de,,,øMe echar·s de menos?,You gonna miss me?,
yellowstone.txt,9227,a,,PU,No sÈ quÈ responder considerando que me obligaron a mantener esta relaciÛn.,I don't know how to answer that considering I was forced into this relationship.,
yellowstone.txt,9252,a,,,Si quieres a algo Teeter dÈjalo libre.,If you love something Teeter set it free.,??
yellowstone.txt,9295,de,,TO,Tiene suerte de que no le encadene al puto radiador.,He lucky I ain't chaining his ass to the fucking radiator.,
yellowstone.txt,9296,al,,DE,Tiene suerte de que no le encadene al puto radiador.,He lucky I ain't chaining his ass to the fucking radiator.,
yellowstone.txt,9301,para,,,No sÈ si volver a Texas es lo mejor para su pronunciaciÛn.,I don't know if going back to Texas is gonna be the best thing for her speech therapy.,
yellowstone.txt,9302,a,,DE,No sÈ si volver a Texas es lo mejor para su pronunciaciÛn.,I don't know if going back to Texas is gonna be the best thing for her speech therapy.,
yellowstone.txt,9350,por,,IT,CoÒo Ethan hace diez aÒos que te conozco y por fin dices algo medio gracioso.,Shit Ethan I've known you ten years and you finally said something half-funny.,
yellowstone.txt,9395,de,,,Ha sido la hostia de gracioso.,That was pretty fucking funny.,
yellowstone.txt,9442,con,,ME,No empieces con esa coÒa.,Don't start that fucking shit.,
yellowstone.txt,9516,en,,SS,Los llevar· bien estirados en el remolque.,He's got 'em in a hanging bag in the trailer.,
yellowstone.txt,9776,para,,PU,En una semana cogerÈ un aviÛn para verte.,I'll fly out and see you in a week.,
yellowstone.txt,9791,en,,TD,En una semana cogerÈ un aviÛn para verte.,I'll fly out and see you in a week.,
yellowstone.txt,9841,en,,SS,Nos vemos en Texas.,See you in Texas.,
yellowstone.txt,9866,en,,SS,Nos vemos en Texas.,See you on Texas.,
yellowstone.txt,9941,en,,ST,Ha sido el discurso perfecto en el momento perfecto.,It was the perfect speech it was the perfect delivery.,
yellowstone.txt,10002,a,,XXXX,Se va a defender.,He's gonna fight.,
yellowstone.txt,10270,de,,,Se llama allanamiento de morada.,It's called breaking and entering.,
yellowstone.txt,10275,por,,CA,Lo he hecho por un buen motivo:,There's a term for the reason I'm doing it:,
yellowstone.txt,10320,de,,,Se llama puto suicidio laboral y t˙ acabas de cometerlo.,It's called career suicide and you fucking just did it.,
yellowstone.txt,10345,de,,RS,¬°Vete de mi puta casa!,Get the fuck out of my house!,
yellowstone.txt,10370,de,,RS,¬°Fuera de mi casa!,Out of my house!,
yellowstone.txt,10427,a,,XXXX,Ma√±ana dar√°s una rueda de prensa y vas a dimitir de tu cargo.,Tomorrow you will call a press conference and you will resign from office.,
yellowstone.txt,10445,de,,SP,MaÒana dar·s una rueda de prensa y vas a dimitir de tu cargo.,Tomorrow you will call a press conference and you will resign from office.,
yellowstone.txt,10445,de,,SO,MaÒana dar·s una rueda de prensa y vas a dimitir de tu cargo.,Tomorrow you will call a press conference and you will resign from office.,
yellowstone.txt,10451,para,,RE,øTe ha quedado bien clarito Jamie? Vas a dimitir o imprimirÈ unas fotos para el sheriff.,Do you fucking understand me Jamie? You will resign or I'm printing photos for the sheriff.,
yellowstone.txt,10452,a,,XXXX,¬øTe ha quedado bien clarito Jamie? Vas a dimitir o imprimir√© unas fotos para el sheriff.,Do you fucking understand me Jamie? You will resign or I'm printing photos for the sheriff.,
yellowstone.txt,10591,en,,SS,øCu·ntos cad·veres ha tirado tu padre en el mismo sitio?,How many bodies has your father put in the same spot?,
yellowstone.txt,10677,a,,MO,øCrees que escogÌ una salida en la frontera con Wyoming a puto voleo?,Did you think I just picked a turnout on the Wyoming border at fucking random?,
yellowstone.txt,10691,en,,SS,øCrees que escogÌ una salida en la frontera con Wyoming a puto voleo?,Did you think I just picked a turnout on the Wyoming border at fucking random?,
yellowstone.txt,10692,con,,CO,øCrees que escogÌ una salida en la frontera con Wyoming a puto voleo?,Did you think I just picked a turnout on the Wyoming border at fucking random?,
yellowstone.txt,10716,en,,SS,En el fondo de ese caÒÛn hay un siglo de secretos familiares.,There's a century's worth of our family's secrets down at the bottom of that canyon.,
yellowstone.txt,10720,de,,POS,En el fondo de ese caÒÛn hay un siglo de secretos familiares.,There's a century's worth of our family's secrets down at the bottom of that canyon.,
yellowstone.txt,10720,de,,POS,En el fondo de ese caÒÛn hay un siglo de secretos familiares.,There's a century's worth of our family's secrets down at the bottom of that canyon.,
yellowstone.txt,10741,en,,TO,øQuieres ver lo que tardarÌan en quitarnos el rancho?,You want to see how fast they take the ranch from us then?,
yellowstone.txt,10752,a,,ID,A toda puta hostia asÌ de r·pido.,It'll straighten your fucking hair that's how fast.,
yellowstone.txt,10770,de,,MO,A toda puta hostia asÌ de r·pido.,It'll straighten your fucking hair that's how fast.,
yellowstone.txt,10827,a,,RE,Pregunta a tu marido dÛnde est· la estaciÛn de tren y cu·ntas veces ha ido allÌ.,Ask your husband. Where the train station is and how many times he's been there.,
yellowstone.txt,10845,de,,,Pregunta a tu marido dÛnde est· la estaciÛn de tren y cu·ntas veces ha ido allÌ.,Ask your husband. Where the train station is and how many times he's been there.,
yellowstone.txt,10850,por,,IN,øQuieres saber cu·l es el verdadero precio por proteger el rancho?,You want to know the real price for protecting the ranch?,
yellowstone.txt,10901,para,,RE,Si el objetivo es proteger el rancho para las generaciones futuras y t˙ en eso no aportas nada rentabilizar el rancho es la ˙nica opciÛn.,If the goal is protecting the ranch from future generations of which you have none then monetizing the ranch is the only option.,
yellowstone.txt,10916,en,,TO,Si el objetivo es proteger el rancho para las generaciones futuras y t˙ en eso no aportas nada rentabilizar el rancho es la ˙nica opciÛn.,If the goal is protecting the ranch from future generations of which you have none then monetizing the ranch is the only option.,
yellowstone.txt,11002,a,,MO,øVes alguna soluciÛn a largo plazo?,You see any long term plays there?,
yellowstone.txt,11070,de,,,Y no eres capaz de convencerle.,And you can't convince him.,
yellowstone.txt,11120,de,,POS,Y alg˙n dÌa ser· de sus hijos.,To their children some day.,
yellowstone.txt,11151,para,,,La mayor amenaza para el rancho es nuestro padre.,The greatest threat to that ranch is our father.,
yellowstone.txt,11295,de,,,øDisfrutas de tu marioneta?,You enjoying your marionette?,
yellowstone.txt,11320,de,,POS,Cada centÌmetro de Èl.,Every inch of him.,
yellowstone.txt,11445,de,,,La guerra acaba de comenzar.,War is just beginning.,
yellowstone.txt,11466,en,,SS,Nos acaba de llegar esta informaciÛn. Guardianes de Lobos el grupo ecologista que financia los estudios de manadas de lobos en el parque ha emitido un comunicado de prensa asegurando que han recuperado radiocollares de la manada de lobos Prospect Peak y dicen que los datos indican que lobos pudieron haber muerto en el Rancho Yellowstone del gobernador John Dutton que bordea el parque.,And this just in. Wolf Watch the environmental group that funds the radio collar studies of wolf packs in the park has just issued a press release claiming that they have recovered radio collars from the Prospect Peak wolf pack and they say that the data indicates that the wolves could have been killed on Governor John Dutton's Yellowstone Ranch which borders the park.,
yellowstone.txt,11470,de,,SO,Nos acaba de llegar esta informaciÛn. Guardianes de Lobos el grupo ecologista que financia los estudios de manadas de lobos en el parque ha emitido un comunicado de prensa asegurando que han recuperado radiocollares de la manada de lobos Prospect Peak y dicen que los datos indican que lobos pudieron haber muerto en el Rancho Yellowstone del gobernador John Dutton que bordea el parque.,And this just in. Wolf Watch the environmental group that funds the radio collar studies of wolf packs in the park has just issued a press release claiming that they have recovered radio collars from the Prospect Peak wolf pack and they say that the data indicates that the wolves could have been killed on Governor John Dutton's Yellowstone Ranch which borders the park.,
yellowstone.txt,11475,por,,SO,De momento no hay ning˙n comentario por parte del gobernador.,So far no comment from the Governor's Office.,
yellowstone.txt,11495,de,,SO,De momento no hay ning˙n comentario por parte del gobernador.,So far no comment from the Governor's Office.,
yellowstone.txt,11514,sobre,,RS,Siempre llueve sobre mojado øno?,When it rains it pours huh?,
yellowstone.txt,11566,en,,SS,Y nada indica que murieran en su rancho.,And nothing indicated they were killed on your ranch.,
yellowstone.txt,11620,de,,,Es una campaÒa de prensa negativa Clara.,It's a hit piece Clara.,
yellowstone.txt,11641,en,,IS,Huelen sangre en el agua.,They smell blood in the water.,
yellowstone.txt,11702,a,,DE,Quiz·s deberÌas llevarlos a la estaciÛn de tren.,Maybe you should take them to the train station.,
yellowstone.txt,11720,de,,SP,Quiz·s deberÌas llevarlos a la estaciÛn de tren.,Maybe you should take them to the train station.,
yellowstone.txt,11752,a,,MO,øMe dej·is un momento a solas con mi hija?,Could I have a moment with my daughter?,
yellowstone.txt,11767,con,,COA,øMe dej·is un momento a solas con mi hija?,Could I have a moment with my daughter?,
yellowstone.txt,11820,de,,MO,No seguirÈ de pie.,No I'll stand.,
yellowstone.txt,11901,para,,RE,Es un vertedero para todo el que nos haya atacado.,It's the trash can for everyone who's attacked us.,
yellowstone.txt,11941,en,,SS,Es una zona muerta jurisdiccional en un condado con una poblaciÛn de cero habitantes.,It lays in a jurisdictional dead zone in a county with a population of exactly zero.,
yellowstone.txt,11942,con,,POS,Es una zona muerta jurisdiccional en un condado con una poblaciÛn de cero habitantes.,It lays in a jurisdictional dead zone in a county with a population of exactly zero.,
yellowstone.txt,11945,de,,,Es una zona muerta jurisdiccional en un condado con una poblaciÛn de cero habitantes.,It lays in a jurisdictional dead zone in a county with a population of exactly zero.,
yellowstone.txt,11950,por,,CA,Y por tanto sin un jurado popular y sin un juzgado al que acudir.,Hence no jury of your peers and no court for a change in venue.,
yellowstone.txt,11968,sin,,AD,Y por tanto sin un jurado popular y sin un juzgado al que acudir.,Hence no jury of your peers and no court for a change in venue.,
yellowstone.txt,11971,al,,IN,Y por tanto sin un jurado popular y sin un juzgado al que acudir.,Hence no jury of your peers and no court for a change in venue.,
yellowstone.txt,11974,sin,,AD,Y por tanto sin un jurado popular y sin un juzgado al que acudir.,Hence no jury of your peers and no court for a change in venue.,
yellowstone.txt,11975,por,,ID,øPor quÈ te sorprende tanto?,Why are you so surprised?,
yellowstone.txt,12016,en,,SS,øDÛnde crees que acabaron los hombres que te atacaron en tu despacho y que atacaron nuestro rancho?,Where did you think the men who attacked you in your office and attacked our ranch went?,
yellowstone.txt,12045,de,,,øTe indigna que hayamos encontrado una manera de eludir las consecuencias de defendernos?,You're shocked we found a way to circumvent the consequences of defending ourselves?,
yellowstone.txt,12127,a,,ID,Y a no ser que quieras renunciar a 120 aÒos de nuestra familia sangrando sobre esas tierras seguiremos haciÈndolo.,And unless we're willing to walk away from one hundred and twenty years of our family bleeding into this ground we always will.,???
yellowstone.txt,12127,a,,AD,Y a no ser que quieras renunciar a 120 aÒos de nuestra familia sangrando sobre esas tierras seguiremos haciÈndolo.,And unless we're willing to walk away from one hundred and twenty years of our family bleeding into this ground we always will.,
yellowstone.txt,12139,sobre,,RS,Y a no ser que quieras renunciar a 120 aÒos de nuestra familia sangrando sobre esas tierras seguiremos haciÈndolo.,And unless we're willing to walk away from one hundred and twenty years of our family bleeding into this ground we always will.,
yellowstone.txt,12145,de,,MO,Y a no ser que quieras renunciar a 120 aÒos de nuestra familia sangrando sobre esas tierras seguiremos haciÈndolo.,And unless we're willing to walk away from one hundred and twenty years of our family bleeding into this ground we always will.,
yellowstone.txt,12202,a,,XXXX,Vale voy a repet√≠rtelo pap√°.,Okay I'm going to repeat that Dad.,
yellowstone.txt,12276,para,,PU,Utilizar· todo lo que sabe para destruirte.,He will use everything that he knows to destroy you.,
yellowstone.txt,12351,para,,RE,Si hay un sitio para nuestros enemigos en el que nadie sabe que acaban pap· y del que jam·s regresan... Entonces creo que es el lugar perfecto para Jamie.,If there is a place our enemies go and nobody ever knows they went Dad and they will never come back... then I think that's the place for Jamie.,
yellowstone.txt,12366,en,,SS,Si hay un sitio para nuestros enemigos en el que nadie sabe que acaban pap· y del que jam·s regresan... Entonces creo que es el lugar perfecto para Jamie.,If there is a place our enemies go and nobody ever knows they went Dad and they will never come back... then I think that's the place for Jamie.,
yellowstone.txt,12555,bajo,,RS,Cuando cen·bamos me clavaba un tenedor bajo la mesa.,She used to stab me under the dinner table with a fork.,
yellowstone.txt,12575,por,,CA,Sin ning˙n motivo solo por diversiÛn.,No reason just for the fun of it.,
yellowstone.txt,12593,sin,,AD,Sin ning˙n motivo solo por diversiÛn.,No reason just for the fun of it.,
yellowstone.txt,12599,sin,,AD,Sin ning˙n motivo solo por diversiÛn.,No reason just for the fun of it.,
yellowstone.txt,12616,en,,MO,En realidad tambiÈn lo ha hecho de adulta.,Actually she's done it as an adult.,
yellowstone.txt,12620,de,,MO,En realidad tambiÈn lo ha hecho de adulta.,Actually she's done it as an adult.,
yellowstone.txt,12795,de,,MO,øDe verdad lo crees?,You really think so?,
yellowstone.txt,12866,en,,TO,øHay alg˙n grupo... con experiencia en tratar con este tipo de situaciones?,is there a group that has experience with this kind of situation?,
yellowstone.txt,12867,con,,ME,øHay alg˙n grupo... con experiencia en tratar con este tipo de situaciones?,is there a group that has experience with this kind of situation?,
yellowstone.txt,12870,de,,SP,øHay alg˙n grupo... con experiencia en tratar con este tipo de situaciones?,is there a group that has experience with this kind of situation?,
yellowstone.txt,12902,a,,MO,Eso es jugar a la defensiva.,That's playing defense.,
yellowstone.txt,12946,al,,MO,øY si quisiera jugar... al ataque?,What if I want to play... offense?,
yellowstone.txt,12991,en,,SS,Conozco una en Nueva York y otra en Virginia.,There's one in New York and there's one in Virginia.,
yellowstone.txt,12991,en,,SS,Conozco una en Nueva York y otra en Virginia.,There's one in New York and there's one in Virginia.,
yellowstone.txt,13095,de,,SP,Har·n que parezca un... infarto o un accidente de coche.,It will look like a... heart attack or a car accident.,
yellowstone.txt,13101,para,,PU,Quiz·s podrÌa ir a verles... Para ver cÛmo solucionarÌan esto.,Perhaps I could meet with them and see how they would handle this.,
yellowstone.txt,13102,a,,XXXX,Quiz·s podrÌa ir a verles... Para ver cÛmo solucionarÌan esto.,Perhaps I could meet with them and see how they would handle this.,
yellowstone.txt,13152,a,,XXXX,T˙ dime lo que quieres... y yo irÈ a verles.,You tell me what you want and I will meet with them.,
yellowstone.txt,13175,por,,IS,Mira si vas a ir a por ella podrÌas...,See if you're going to go after her you just might...,
yellowstone.txt,13177,a,,DE,Mira si vas a ir a por ella podrÌas...,See if you're going to go after her you just might...,
yellowstone.txt,13391,en,,SS,Tienes una sonrisa tan amplia en el careto que parece que has pasado la noche en brazos de una chica.,You got a big old shit-eating grin on your face like you spent the night in some girl's arms.,
yellowstone.txt,13395,de,,POS,Tienes una sonrisa tan amplia en el careto que parece que has pasado la noche en brazos de una chica.,You got a big old shit-eating grin on your face like you spent the night in some girl's arms.,
yellowstone.txt,13552,a,,DE,Un par de camiones m·s y podremos irnos a casa.,Just a couple more trucks and we can go home.,
yellowstone.txt,13570,de,,MO,Un par de camiones m·s y podremos irnos a casa.,Just a couple more trucks and we can go home.,
yellowstone.txt,13575,por,,IS,A la vuelta øpodemos pasar por el Campamento Este?,Can we stop by the East Camp on the way home?,
yellowstone.txt,13577,a,,IS,A la vuelta øpodemos pasar por el Campamento Este?,Can we stop by the East Camp on the way home?,
yellowstone.txt,13645,de,,TO,Tu padre me hablÛ de Èl.,Your father told me.,
yellowstone.txt,13691,en,,SS,Si ayudas mientras los vaqueros est·n fuera y Èl en Helena.,If you'd help out while the cowboys are gone and he's in Helena.,
yellowstone.txt,13752,a,,DE,No quiero volver a una casa alquilada y mirar una cuna vacÌa.,I don't want to go back to a rented house and stare at a nursery that isn't filled.,
yellowstone.txt,13827,a,,DE,Volver a empezar e intentarlo otra vez øsabes?,Start over and try again you know?,
yellowstone.txt,13902,a,,DE,VolverÌamos a vivir con todo esto.,We'd be living under this again.,
yellowstone.txt,13917,con,,CO,VolverÌamos a vivir con todo esto.,We'd be living under this again.,
yellowstone.txt,13942,con,,CO,Bueno de todas formas ya vivo con todo esto.,Well I live under it anyway.,
yellowstone.txt,13945,de,,,Bueno de todas formas ya vivo con todo esto.,Well I live under it anyway.,
yellowstone.txt,13952,a,,MO,El Campamento Este a duras penas es una casa cariÒo.,East Camp is not much of a house baby.,
yellowstone.txt,14002,a,,,En mi visiÛn la elecciÛn a la que me enfrentaba... era entre este sitio y t˙.,In my vision the choice that I saw was between this place and you.,???
yellowstone.txt,14015,entre,,RS,En mi visiÛn la elecciÛn a la que me enfrentaba... era entre este sitio y t˙.,In my vision the choice that I saw was between this place and you.,
yellowstone.txt,14016,en,,ST,En mi visiÛn la elecciÛn a la que me enfrentaba... era entre este sitio y t˙.,In my vision the choice that I saw was between this place and you.,
yellowstone.txt,14041,en,,ST,øSalÌa en tu visiÛn el Campamento Este?,Was East Camp in your vision?,
yellowstone.txt,14077,a,,XXXX,Vale pues iremos a echar un vistazo.,Okay we'll take a look at it then.,
outerrange.txt,52,a,,PU,Aprende a hacerlo y ser·s bienvenida.,When you learn how to serve then you're welcome here anytime.,
outerrange.txt,102,a,,TD,Si te pasa algo tal vez no puedas volver a tu Època.,If something happens you might never get back to your time.,
outerrange.txt,127,a,,DE,Conozco a un Royal. Intenta ser buen hombre no como tu padre. Donde vengo esos tipos van a la c·rcel.,I know someone named Royal tries to be a good man. Men like your father where I come from they jail men like him.,
outerrange.txt,177,a,,RE,Ten presente esto: cuando mueras le dar·s una alegrÌa a tu familia.,Know this the day you die your family will rejoice.,
outerrange.txt,466,en,,SS,øQuÈ hacÌas en el agujero?,What were you doing in that hole?,
outerrange.txt,527,a,,MO,Est·s sangrando a mares.,You're bleeding somethin' awful.,
outerrange.txt,552,a,,XXXX,Se te va a infectar.,Looks like it's gettin' infected.,
outerrange.txt,641,en,,SS,øQuÈ hacÌas en el agujero?,What were you doing in that hole?,
outerrange.txt,691,en,,SS,øQuÈ hacÌas t˙ en ella?,What were you doing on it?,
outerrange.txt,702,a,,XXXX,Joy te vas a poner bien.,Joy you're gonna be okay.,
outerrange.txt,745,de,,SP,Te darÈ un poco de agua øvale?,I'm gonna get you some water. Okay?,
outerrange.txt,891,en,,ID,¬°Me cago en todo!,Goddamn it.,
outerrange.txt,902,a,,ID,A la de una.,Going once.,
outerrange.txt,920,de,,ID,A la de una.,Going once.,
outerrange.txt,952,a,,ID,A la de dos.,Going twice.,
outerrange.txt,970,de,,ID,A la de dos.,Going twice.,
outerrange.txt,1095,de,,POS,¬°Ese jarrÛn es de mi madre!,Grandmother's vase that's my grandmother's vase!,
outerrange.txt,1127,a,,XXXX,¬øQui√©n iba a decir que todo esto ser√≠a tan valioso?,Who knew all of this would be worth so much?,
outerrange.txt,1175,por,,IN,El rancho es para Dawn Rivers por 500 000 dÛlares.,The Abbott ranch is sold to Dawn Rivers for $500000.,
outerrange.txt,1176,para,,RE,El rancho es para Dawn Rivers por 500 000 dÛlares.,The Abbott ranch is sold to Dawn Rivers for $500000.,
outerrange.txt,1377,a,,MO,Estabas gritando a pleno pulmÛn.,You were screaming your lungs out.,
outerrange.txt,1420,de,,SP,Te traerÈ un vaso de agua.,I'll get you a glass of water.,
outerrange.txt,2000,por,,ID,Por favor.,Please.,
outerrange.txt,2220,de,,POS,Soy el hijo de Earl Chinlund Jess.,Earl Chinlund's son Jess. Oh.,
outerrange.txt,2317,con,,POS,Con artritis ya sabe pero bien.,Arthritis and the like but good.,
outerrange.txt,2345,de,,SO,Dale recuerdos de mi parte.,Well you give him my best.,
outerrange.txt,2425,por,,TO,Lamento por lo que est· pasando.,I'm sorry about all your troubles.,
outerrange.txt,2470,de,,AMBIG,Lo de Perry y su nieta.,Perry. Granddaughter.,
outerrange.txt,2595,de,,SP,Uno de tus agentes est· fuera.,One of your officers is outside.,
outerrange.txt,2641,en,,SS,Hay otro en el coche.,Another one behind the wheel.,
outerrange.txt,2877,a,,DE,LlÈvame a la reserva.,Take me to the res.,
outerrange.txt,2902,a,,DE,øA Wind River?,To Wind River?,
outerrange.txt,2926,para,,RE,øNo tienen controles para los de fuera?,Don't they have checkpoints for outsiders?,
outerrange.txt,2945,de,,RS,øNo tienen controles para los de fuera?,Don't they have checkpoints for outsiders?,
outerrange.txt,2950,por,,CA,Por eso mismo.,Exactly.,
outerrange.txt,3001,para,,PU,Tendr·n un montÛn de preguntas y no estoy lista para responder.,They're gonna have a lot of questions for both of us. I'm not ready to answer anything right now.,
outerrange.txt,3020,de,,MO,Tendr·n un montÛn de preguntas y no estoy lista para responder.,They're gonna have a lot of questions for both of us. I'm not ready to answer anything right now.,
outerrange.txt,3025,por,,ID,No tienes por quÈ pasar esto sola.,You don't have to go through this on your own.,
outerrange.txt,3066,en,,IT,Nunca me he sentido tan impotente en toda mi vida.,I've... I've never felt this helpless in my life.,
outerrange.txt,3100,por,,IS,Pasar por esto sola no te hace m·s fuerte.,It doesn't make you any stronger going through this alone.,
outerrange.txt,3216,en,,MO,El tÌo estaba allÌ en pelota picada.,Dude's standing there ass naked.,
outerrange.txt,3243,sin,,AD,No es coÒa. Sin gayumbos ni nada.,No joke no chonies nothing.,
outerrange.txt,3249,sin,,AD,No es coÒa. Sin gayumbos ni nada.,No joke no chonies nothing.,
outerrange.txt,3253,desde,,SO,Hablaba sobre la Època que pasÛ con los ancianos y que estaba aquÌ desde el 72.,Talking about his time walkin' with the elders. He's here from 1972.,
outerrange.txt,3264,sobre,,TO,Hablaba sobre la Època que pasÛ con los ancianos y que estaba aquÌ desde el 72.,Talking about his time walkin' with the elders. He's here from 1972.,
outerrange.txt,3267,con,,COA,Hablaba sobre la Època que pasÛ con los ancianos y que estaba aquÌ desde el 72.,Talking about his time walkin' with the elders. He's here from 1972.,
outerrange.txt,3303,desde,,SO,øDesde 1972?,1972?,
outerrange.txt,3427,a,,AMBIG,A ver la historia fluye.,I mean story's moving along.,
outerrange.txt,3641,en,,SS,Las manos en el volante. Las llaves...,Hands on the steering wheel.,
outerrange.txt,3721,al,,DE,Me lleva al centro mÈdico.,He's taking me to IHS.,
outerrange.txt,3820,de,,,Dan oc˙pate de ellos.,Dan host our friends.,
outerrange.txt,3877,a,,RS,El centro mÈdico est· a varios kilÛmetros.,IHS is a few more miles out.,
outerrange.txt,3920,de,,MO,De acuerdo.,Alright.,
outerrange.txt,3995,de,,,No tem·is. Nada hay oculto que no haya de ser manifestado.,Fear not for nothing is covered that will not be revealed. Nothing hidden that will not be known.,
outerrange.txt,4041,en,,TO,Si te da miedo entrar replantÈate tu fe en Dios.,If you're scared to go in there you need to rethink God.,
outerrange.txt,4100,por,,ID,No se lo deje a Dios. øPor quÈ no hace algo?,Instead of putting it all on God why don't you take some responsibility for yourself?,
outerrange.txt,4102,a,,RE,No se lo deje a Dios. øPor quÈ no hace algo?,Instead of putting it all on God why don't you take some responsibility for yourself?,
outerrange.txt,4166,en,,RE,Que desperdicia su vida confiando en una fe falsa e ilusoria.,And they'll waste their entire lives under this false deception and delusion of faith.,
outerrange.txt,4226,para,,TD,Necesita 500 000 dÛlares. Si no perder· el rancho para siempre.,She needs $500000 or she's gonna lose her ranch. She's gonna lose it forever.,
outerrange.txt,4404,ante,,RS,øLos ricachones del pueblo no responden ante Dios?,This is a town full of old money.,
outerrange.txt,4425,por,,CA,Mi congregaciÛn lo darÌa todo por ayudar a Cecilia pero no tenemos tanto.,My congregation would do anything... to help Cecilia but we do not have that.,
outerrange.txt,4502,a,,SO,Les est·s pidiendo dinero a los feligreses un dinero que no tienen cuando tu familia es rica.,You're asking the people of this church for money money they don't have while your family is rich.,
outerrange.txt,4525,por,,ID,øPor quÈ?,Why?,
outerrange.txt,4570,de,,MO,Porque quiero que veas cÛmo es esta gente. CÛmo es de verdad.,Because I want you to see what these people are really like who they actually are.,
outerrange.txt,4592,con,,ME,Predica con el ejemplo pues.,Well be the example you want them to be.,
outerrange.txt,4602,a,,SO,PÌdele dinero a tu familia.,Call. Ask your family for money.,
outerrange.txt,4695,de,,,El n˙mero al que ha llamado est· apagado o dado de baja.,You have reached a number that has been disconnected or is no longer in service.,
outerrange.txt,4696,al,,ID,El n˙mero al que ha llamado est· apagado o dado de baja.,You have reached a number that has been disconnected or is no longer in service.,
outerrange.txt,4795,de,,,El n˙mero al que ha llamado est· apagado o dado de baja.,You have reached a number that has been disconnected or is no longer in service.,
outerrange.txt,4796,al,,ID,El n˙mero al que ha llamado est· apagado o dado de baja.,You have reached a number that has been disconnected or is no longer in service.,
outerrange.txt,4800,por,,CA,Guardaos de los falsos profetas que promulgan milagros cuando sin ser consciente se te reprende por tu vanidad. SÈ quiÈn eres en realidad: una filÛsofa de baratillo. Una charlatana mojigata que no vende m·s que humo.,Beware of false prophets kicking and screaming for miracles while you're unknowingly being rebuked for your vanity 'cause I see you for who you really are and that's a dime-store philosopher sanctimonious huckster with nothing worth buying.,
outerrange.txt,4816,en,,MO,Guardaos de los falsos profetas que promulgan milagros cuando sin ser consciente se te reprende por tu vanidad. SÈ quiÈn eres en realidad: una filÛsofa de baratillo. Una charlatana mojigata que no vende m·s que humo.,Beware of false prophets kicking and screaming for miracles while you're unknowingly being rebuked for your vanity 'cause I see you for who you really are and that's a dime-store philosopher sanctimonious huckster with nothing worth buying.,
outerrange.txt,4818,sin,,AD,Guardaos de los falsos profetas que promulgan milagros cuando sin ser consciente se te reprende por tu vanidad. SÈ quiÈn eres en realidad: una filÛsofa de baratillo. Una charlatana mojigata que no vende m·s que humo.,Beware of false prophets kicking and screaming for miracles while you're unknowingly being rebuked for your vanity 'cause I see you for who you really are and that's a dime-store philosopher sanctimonious huckster with nothing worth buying.,
outerrange.txt,4820,de,,DE LOS FALSOS,Guardaos de los falsos profetas que promulgan milagros cuando sin ser consciente se te reprende por tu vanidad. SÈ quiÈn eres en realidad: una filÛsofa de baratillo. Una charlatana mojigata que no vende m·s que humo.,Beware of false prophets kicking and screaming for miracles while you're unknowingly being rebuked for your vanity 'cause I see you for who you really are and that's a dime-store philosopher sanctimonious huckster with nothing worth buying.,
outerrange.txt,4820,de,,SP,Guardaos de los falsos profetas que promulgan milagros cuando sin ser consciente se te reprende por tu vanidad. SÈ quiÈn eres en realidad: una filÛsofa de baratillo. Una charlatana mojigata que no vende m·s que humo.,Beware of false prophets kicking and screaming for miracles while you're unknowingly being rebuked for your vanity 'cause I see you for who you really are and that's a dime-store philosopher sanctimonious huckster with nothing worth buying.,
outerrange.txt,4824,sin,,AD,Guardaos de los falsos profetas que promulgan milagros cuando sin ser consciente se te reprende por tu vanidad. SÈ quiÈn eres en realidad: una filÛsofa de baratillo. Una charlatana mojigata que no vende m·s que humo.,Beware of false prophets kicking and screaming for miracles while you're unknowingly being rebuked for your vanity 'cause I see you for who you really are and that's a dime-store philosopher sanctimonious huckster with nothing worth buying.,
outerrange.txt,4870,de,,MO,Pastor øse las est· dando de moralmente superior?,Pastor you're taking the high road?,
outerrange.txt,5141,en,,TO,Cuando crees en algo no te para nada. SÌ.,When you believe in something nothing's gonna change your mind.,
outerrange.txt,5220,de,,,Lo habÌa olvidado y acabas de record·rmelo.,But I had forgotten. You just reminded me.,
outerrange.txt,5320,de,,MO,De verdad.,No I am.,
outerrange.txt,5342,con,,POS,Solo conozco a una persona con tanta rabia.,Well... You know there's only one person I know who can get that angry.,
outerrange.txt,5641,en,,MO,øQuÈ quieres saber en realidad?,What's your real question?,
outerrange.txt,5677,a,,RE,Pongamos que le he hecho daÒo a su prima. øSerÌa lÛgico traerla aquÌ despuÈs?,You know let's say I did something bad to your cousin would it make a lot of sense that I would bring her here after?,
outerrange.txt,5846,al,,DE,Te lo repito: ve al grano.,Again get to what you're asking.,
outerrange.txt,5876,para,,PU,Solo para traerla aquÌ.,Only to get her here.,
outerrange.txt,5970,de,,,No me las quiero dar de listillo.,Look I'm not trying to be an asshole.,
outerrange.txt,5977,a,,XXXX,Es que no vas a creer nada de lo que te cuente.,Just don't think you're gonna believe anything I tell you.,
outerrange.txt,5995,de,,SP,Es que no vas a creer nada de lo que te cuente.,Just don't think you're gonna believe anything I tell you.,
outerrange.txt,6102,a,,XXXX,Voy a ver c√≥mo est√° Joy.,Uh I'm gonna go check on Joy.,
outerrange.txt,6170,de,,POS,Soy Chinlund ayudante de la sheriff del condado de Amelia.,I'm Deputy Jess Chinlund. Amelia County Sheriff's Department.,
outerrange.txt,6291,en,,SS,Tengo una corazonada. Nuestra jefa est· en su jurisdicciÛn.,I got this feeling that I can't shake that our boss is uh in your jurisdiction right now.,
outerrange.txt,6370,de,,POS,Bueno ayudante de la sheriff...,Well Deputy Sheriff...,
outerrange.txt,6391,en,,SS,Tendr· que esperar en su coche.,you're just gonna have to wait in your car.,
outerrange.txt,6695,de,,MO,De acuerdo.,Fine.,
outerrange.txt,6702,a,,IS,AcabÈ en tus pastos del oeste porque viajÈ a travÈs del agujero.,I ended up in your West Pasture 'cause I time traveled through that hole.,
outerrange.txt,6716,en,,SS,AcabÈ en tus pastos del oeste porque viajÈ a travÈs del agujero.,I ended up in your West Pasture 'cause I time traveled through that hole.,
outerrange.txt,6745,de,,,Mejor nos dejamos de gilipolleces.,Figured I'd cut through all the bullshit.,
outerrange.txt,6807,durante,,IS,VivÌ en la dÈcada de 1880 durante cuatro aÒos.,I lived in the 1880s for four years.,
outerrange.txt,6816,en,,IT,VivÌ en la dÈcada de 1880 durante cuatro aÒos.,I lived in the 1880s for four years.,
outerrange.txt,6820,de,,SP,VivÌ en la dÈcada de 1880 durante cuatro aÒos.,I lived in the 1880s for four years.,
outerrange.txt,6842,con,,COM,ConocÌ a los shoshones. CacÈ con ellos. Hice amistades. Me aceptaron.,Met Shoshone hunted with them made friends... was accepted by them.,
outerrange.txt,6866,en,,IT,En esa Època conocÌ a un chiquillo llamado Royal que me salvÛ la vida.,While I was there I met a boy named Royal... who saved my life.,
outerrange.txt,6900,por,,ID,øPor quÈ lo crees?,What makes you think that?,
outerrange.txt,6941,en,,IT,Te digo que he viajado en el tiempo y ni pestaÒeas.,I just told you I traveled through time and you didn't even flinch.,
outerrange.txt,6976,para,,PU,El chaval disparÛ a su padre. Para salvarme.,That boy shot his father... to save me.,
outerrange.txt,6977,a,,DE,El chaval disparÛ a su padre. Para salvarme.,That boy shot his father... to save me.,
outerrange.txt,7001,para,,PU,øPara salvarte?,To save you?,
outerrange.txt,7100,por,,MO,Siempre creÌ que habÌa disparado a mi padre por accidente en una cacerÌa.,I always believed that I shot my father in a hunting accident.,
outerrange.txt,7102,a,,DE,Siempre creÌ que habÌa disparado a mi padre por accidente en una cacerÌa.,I always believed that I shot my father in a hunting accident.,
outerrange.txt,7116,en,,SS,Siempre creÌ que habÌa disparado a mi padre por accidente en una cacerÌa.,I always believed that I shot my father in a hunting accident.,
outerrange.txt,7141,en,,TO,CorrÌ y saltÈ al agujero pensando en desaparecer.,Ran and jumped in that hole... thinkin' I'd disappear.,
outerrange.txt,7146,al,,DE,CorrÌ y saltÈ al agujero pensando en desaparecer.,Ran and jumped in that hole... thinkin' I'd disappear.,
outerrange.txt,7445,de,,RT,Hubo muchas seÒales antes de que esto ocurriese.,There were so many signs that... came before all this happened.,
outerrange.txt,7491,en,,SS,Harlan hablÛ de dinosaurios en cuevas.,Harlan talking about dinosaurs in caves.,
outerrange.txt,7495,de,,TO,Harlan hablÛ de dinosaurios en cuevas.,Harlan talking about dinosaurs in caves.,
outerrange.txt,7502,a,,TO,El tÌo que detuve mencionÛ a gente desaparecida.,A guy I arrested told me about people disappearing.,
outerrange.txt,7567,con,,COA,øTienes alguien con quien hablar?,You have someone you can talk to?,
outerrange.txt,7602,a,,XXXX,Si te lo guardas te va a ir carcomiendo.,It's gonna eat you up to keep this all inside.,
outerrange.txt,7677,a,,RE,Yo me he pasado cincuenta aÒos mintiendo a todo el mundo.,'Cause I spent the last 50 years lying... to the world.,
outerrange.txt,7727,a,,RE,A mi familia.,To my family.,
outerrange.txt,7850,por,,CA,Mi familia est· destrozada por eso.,My family's broken now because of it.,
outerrange.txt,7895,de,,RT,Di la verdad... antes de que sea tarde.,Tell the truth... before it's too late.,
outerrange.txt,7920,de,,SP,Tengo la sensaciÛn de que tendremos m·s conversaciones asÌ Royal.,I have a feeling you and I are gonna be havin' more of these conversations Royal.,
outerrange.txt,8100,por,,ID,øPor quÈ huÌa?,Why'd you run?,
outerrange.txt,8127,a,,DE,VenÌa a donde me pha pedido que la trajese.,I just drove where she told me to drive.,
outerrange.txt,8470,de,,,De rodillas.,Get down now.,
outerrange.txt,8525,por,,ID,øPor quÈ has vuelto?,What are you doing back here?,
outerrange.txt,8550,por,,ID,øPuedes apartar la pistola por favor?,Could you could you put the gun down please?,
outerrange.txt,8575,por,,ID,øPor favor?,Please?,
outerrange.txt,8602,a,,DE,Viniste a mi tienda y me amenazaste con una escopeta. AsÌ me quedo.,You came to my sweat and threatened me with a shotgun I'm good here.,
outerrange.txt,8617,con,,ME,Viniste a mi tienda y me amenazaste con una escopeta. AsÌ me quedo.,You came to my sweat and threatened me with a shotgun I'm good here.,
outerrange.txt,8820,de,,,Yo me ocupo de esto.,I can I can handle this Autumn.,
outerrange.txt,8826,para,,PU,øPara quÈ has venido?,What are you even doing here?,
outerrange.txt,8850,por,,CA,QuerÌa disculparme por lo de la escopeta. PaguÈ mi rabia contigo.,I came to apologize for the shotgun for taking my anger out on you.,
outerrange.txt,8870,de,,SP,QuerÌa disculparme por lo de la escopeta. PaguÈ mi rabia contigo.,I came to apologize for the shotgun for taking my anger out on you.,
outerrange.txt,8950,por,,CA,Por eso he venido.,That's why I'm here.,
outerrange.txt,8975,por,,,Quiero superar mi dolor por lo de mi nieta. øDe acuerdo?,I wanna push past my my pain over my granddaughter alright?,
outerrange.txt,8995,de,,MO,Quiero superar mi dolor por lo de mi nieta. øDe acuerdo?,I wanna push past my my pain over my granddaughter alright?,
outerrange.txt,8995,de,,POS,Quiero superar mi dolor por lo de mi nieta. øDe acuerdo?,I wanna push past my my pain over my granddaughter alright?,
outerrange.txt,9002,a,,RE,Que yo sufra no me da derecho a hacer sufrir a otros.,Just 'cause I'm in pain that doesn't mean I can I can cause other people pain.,
outerrange.txt,9166,en,,MO,øEn serio?,Are you serious?,
outerrange.txt,9227,a,,RE,P·sale el telÈfono a la niÒa.,Put the kid on the phone.,
outerrange.txt,9277,a,,RE,P·sale el telÈfono a Amy Rebecca.,Put Amy on the phone Rebecca.,
outerrange.txt,9322,hasta,,IS,Estoy hasta los cojones ya.,I'm tired of this shit.,
outerrange.txt,9500,por,,ID,øPor quÈ mentiste?,Why'd you lie to me?,
outerrange.txt,9677,a,,MO,Dos olÌan como a amoniaco.,Two of 'em smelled like ammonia.,answers the question como
outerrange.txt,9720,de,,,IrÌan puestos de meta.,Probably meth'd out.,
outerrange.txt,9775,por,,CA,Fui a por chicles y me equivoquÈ de tienda.,All because I wanted some gum and went to the wrong liquor store.,
outerrange.txt,9777,a,,DE,Fui a por chicles y me equivoquÈ de tienda.,All because I wanted some gum and went to the wrong liquor store.,
outerrange.txt,9795,de,,,Fui a por chicles y me equivoquÈ de tienda.,All because I wanted some gum and went to the wrong liquor store.,
outerrange.txt,9891,en,,SS,Me dejaron inconsciente y me metieron en el maletero.,They knocked me out threw me in a trunk.,
outerrange.txt,9916,en,,SS,AcabÈ en una cabaÒa.,Ended up in a cabin.,
outerrange.txt,10070,de,,TO,Me alegro de estar aquÌ.,Happy to be back.,
outerrange.txt,10077,a,,RE,Lo primero que haremos ser· llamar a Betsy.,Um I figure first thing we'll do is put you with Betsy.,
outerrange.txt,10101,para,,PU,Que haga unos retratos para una orden de b˙squeda.,Well maybe she can sketch their faces put out a BOLO.,
outerrange.txt,10120,de,,SP,Que haga unos retratos para una orden de b˙squeda.,Well maybe she can sketch their faces put out a BOLO.,
outerrange.txt,10220,de,,,No se ir·n de rositas.,They can't get away with it.,
outerrange.txt,10241,en,,MO,En serio.,They won't.,
outerrange.txt,10321,al,,RE,Quiere llamar al FBI.,Think he was ready to ask for a federal taskforce or something...,
outerrange.txt,10367,con,,COA,øHa hablado con su mujer?,You uh you talk to your wife yet?,
outerrange.txt,10525,por,,PU,Es por el pelo o algo...,Your hair or something's...,
outerrange.txt,10801,para,,PU,No estoy para sus mierdas.,Oh I'm not up for his bull crap today.,
outerrange.txt,10825,por,,PU,Creo que ha venido por mÌ.,I think he's here to see me.,
outerrange.txt,10920,de,,RT,Que se largue antes de que vuelva Royal.,Just make sure he's outta here before Royal gets home.,
outerrange.txt,11041,en,,SS,He encontrado un poco de mineral en el cuarto de Billy.,I found some of that mineral... in Billy's room.,
outerrange.txt,11045,de,,SP,He encontrado un poco de mineral en el cuarto de Billy.,I found some of that mineral... in Billy's room.,
outerrange.txt,11052,a,,XXXX,Iba a qued√°rmelo todo pero he pensado que merec√≠as verlo.,I wanted to keep it all... for myself. But I thought you deserved to see.,
outerrange.txt,11289,sobre,,TO,Siento lo que te he dicho sobre ser un Abbot.,I'm sorry about what I said about you being an Abbott.,
outerrange.txt,11375,por,,,Acababa de salir del agujero cuando Casey y t˙ me encontrasteis. De no ser por vosotras... no sÈ quÈ habrÌa pasado.,I had just come out of the hole when you and Casey found me. If you hadn't have been there I... I don't know what would've happened.,
outerrange.txt,11395,de,,,Acababa de salir del agujero cuando Casey y t˙ me encontrasteis. De no ser por vosotras... no sÈ quÈ habrÌa pasado.,I had just come out of the hole when you and Casey found me. If you hadn't have been there I... I don't know what would've happened.,
outerrange.txt,11418,sin,,AD,øCÛmo pasaste tantos aÒos sin cont·rselo a nadie?,How did you spend all those years without talking to anybody?,
outerrange.txt,11424,sin,,AD,øCÛmo pasaste tantos aÒos sin cont·rselo a nadie?,How did you spend all those years without talking to anybody?,
outerrange.txt,11427,a,,RS,No te lo contÈ pero... Estuviste a mi lado.,Well I didn't talk to you but... you were right there by my side.,
bettercallsaul.txt,268,del,,SP,Pens√© que pod√≠amos terminar de arreglar la escalera de la casita del √°rbol.,I thought we'd finish fixing the ladder on the tree house.,
bettercallsaul.txt,480,del,,,Rec√≥gete el cabello y deshazte del herraje.,And pull your hair back and lose the hardware.,
bettercallsaul.txt,582,del,,POS,Estamos en la parte sur del elevador...,We're in the south bank of the supposedly working elevator...,
bettercallsaul.txt,594,del,,SP,"Damas y caballeros del jurado les pregunto ¬øde qu√© va este juicio en realidad?,",Ladies and gentlemen of the jury I ask you what is this trial really about?,
murder.txt,8,del,,SP,Um mi pap√° era el forense del condado.,Um my dad was the county coroner.,
murder.txt,24,del,,POS,Ambos cre√≠amos que Silver Doe Fue s√≥lo una de las muchas v√≠ctimas del mismo asesino.,We both believed that the Silver Doe was just one of many victims of the same killer.,
murder.txt,56,del,,POS,Pero est√°bamos tan cerca de encontrar la primera v√≠ctima del asesino no supe rendirme o c√≥mo sentir el peligro cuando el peligro se acercaba.,But we were so close to finding the killer's first victim I didn't know how to give up or how to sense danger when danger was closing in.,
murder.txt,61,del,,POS,El truco utiliza el procesador de este juguete. para forzar bruscamente el c√≥digo de la puerta del garaje.,The hack uses this toy's processor to brute-force the garage door code.,
murder.txt,163,del,,SO,Mira si fuera otra persona dir√≠a hackear pero t√∫ amigo m√≠o acabas de recibir una buena rese√±a del LA Times.,Look if it was someone else I would say hack but you my friend just got a sweet L.A. Times review.,
murder.txt,221,del,,SP,Me lo tom√© en exceso cuando me sacaron las muelas del juicio.,I binged it when I got my wisdom teeth out.,
murder.txt,251,del,,POS,¬øMagulladuras alrededor del punto de entrada?,Bruising around point of entry?,
murder.txt,408,del,,SP,Soy Marius el director del hotel.,I'm Marius the hotel manager.,
murder.txt,413,del,,POS,Por supuesto hay secciones privadas del hotel y tu anillo no te permitir√° acceder a ellos.,Of course there are private sections of the hotel and your ring will not grant you access to those.,
murder.txt,454,del,,RS,Quiero decir casi te sacan del camino.,I mean you were almost run off the road.,
murder.txt,488,del,,SO,Estoy saliendo del aislamiento de los √∫ltimos a√±os con un par de sorpresas.,I'm emerging from the isolation of the past few years with a couple of surprises.,
murder.txt,613,del,,SO,Que celos tenias de los ni√±os del colegio con esos elaborados almuerzos para llevar de madres a las que les importaba una mierda.,How jealous you were of the kids at school with those elaborate packed lunches from mothers who gave a shit.,
murder.txt,628,del,,SP,Del tipo √∫til as√≠ que no lo s√©.,Like the useful kind so I don't know.,
3body.txt,27,del,,RS,¬°Quiero estar del lado del pueblo!,I want to stand on the side of the people!,
3body.txt,32,del,,SP,No puedes negarlo. Ense√±aste la teor√≠a contrarrevolucionaria del Big Bang.,You cannot deny you lectured on the counterrevolutionary Big Bang theory.,
3body.txt,33,del,,SP,Esa es la explicaci√≥n m√°s probable del origen del Universo.,It is the most plausible explanation for the origin of the universe.,
3body.txt,35,del,,SP,La teor√≠a explica el origen del tiempo.,The theory claims to know when time began.,
3body.txt,36,del,,SP,¬øEl origen del tiempo?,Time began?,
3body.txt,115,del,,SO,Soy investigadora del grupo de F√≠sica Te√≥rica en Imperial College y hago un metaestudio de los experimentos de los aceleradores de part√≠culas.,I'm a senior researcher in the Theoretical Physics group at Imperial College. I'm doing a metastudy analyzing the results of particle accelerator experiments around the world.,
3body.txt,135,del,,,¬øEl del software centralizado?,The code for the centralized software?,
3body.txt,207,del,,RS,Aseg√∫rense de tener todas sus pertenencias antes de bajar del tren.,Please make sure you have all your belongings with you before you leave the train.,
3body.txt,239,del,,,Estaba a cargo del proyecto.,That project was her baby.,
3body.txt,318,del,,POS,No pregunto en nombre del peri√≥dico.,I'm not asking on behalf of the paper.,
3body.txt,348,del,,SO,Soy Teng Lihua del Tribunal Popular Intermedio.,I am Teng Lihua of the Intermediate People's Court.,
3body.txt,355,del,,POS,Porque no s√≥lo eres la hija del deshonrado Ye Zhetai. Eras su alumna estrella.,Because not only are you the daughter of the disgraced Ye Zhetai but his star pupil as well.,
3body.txt,394,del,,SP,Hay un video extra√±o de Salazar la noche del funeral de Ye.,Some strange CCTV footage on Salazar the night of Vera Ye's funeral.,
3body.txt,397,del,,POS,No se ha escrito casi nada sobre √©l en 42 a√±os desde que dirige la petrolera del pap√°.,Next to nothing written about him for 42 years since he took over daddy's oil company.,
3body.txt,399,del,,SP,Lo perdimos en el Atl√°ntico por un fallo del sat√©lite.,We lost him over the Atlantic. Satellite malfunction.,
3body.txt,450,del,,SP,El paso del tiempo nos jode.,Time is a motherfucker.,
3body.txt,456,del,,POS,Coordenadas del objetivo BN20197F.,Target Coordinates: BN20197F.,
3body.txt,461,del,,POS,Eran las coordenadas del objetivo.,Those were the coordinates for the target.,
3body.txt,526,del,,SO,Por recomendaci√≥n del ingeniero en jefe Yang decidimos contarte el objetivo del Proyecto Costa Roja.,On Chief Engineer Yang's recommendation we have decided to inform you of the true nature of the Red Coast Project.,
3body.txt,534,del,,SO,Las emisiones del sistema est√°n moduladas.,The emissions from the system are modulated.,
yellowstone.txt,6,del,,SP,El Departamento del Interior ha aprobado dos oleoductos a trav√©s de la Reserva.,The Department of Interior has approved two pipelines through the reservation.,
yellowstone.txt,19,del,,RS,¬øPor qu√© no me dijiste que se cay√≥ del caballo?,Why didn't you just tell me he fell off his horse?,
yellowstone.txt,42,del,,SO,Solo tienes que luchar por m√≠ para proteger a alguien del rancho o al propio rancho.,The only time you fight working for me is to protect somebody on this ranch or the ranch itself.,
yellowstone.txt,46,del,,POS,Unos meses despu√©s desaparec√≠a una buena parte del reba√±o.,A few months later a whole chunk of the herd would disappear.,
yellowstone.txt,119,del,,TO,S√≠ la gente siempre se queja del calor pero luego dicen al menos es un calor seco.,Yeah people always complain about the heat but then they say at least it's a dry heat.,
yellowstone.txt,216,del,,,Damas y caballeros del poder legislativo y del Senado...,Ladies and Gentlemen of the Legislature and the Senate...,
yellowstone.txt,216,del,,,Damas y caballeros del poder legislativo y del Senado...,Ladies and Gentlemen of the Legislature and the Senate...,
yellowstone.txt,237,del,,POS,Al cancelar la financiaci√≥n del Aeropuerto Internacional de Paradise Valley y las √°reas circundantes residenciales comerciales y comunidades mixtas el gobernador Dutton ha quebrantado las leyes de Montana y su juramento al cargo de actuar siempre en beneficio de Montana.,In canceling funding for the Paradise Valley International Airport and surrounding residential commercial and mixed communities and his sworn oath of office to act in the best interests of the state. Governor Dutton has violated state law and his sworn oath of office to act in the best interests of the state.,
yellowstone.txt,249,del,,POS,Tirar un oleoducto bajo el agua potable de una comunidad ya de por s√≠ presionada y empobrecida puede que sea progreso para los due√±os del oleoducto. O los due√±os de lo que transporte el oleoducto o para los que lo reciben pero podr√≠a tener unas consecuencias desastrosas para la tierra y la gente que vive sobre el oleoducto.,Running a pipeline beneath the drinking water of an already strained and impoverished community may be progress for the owners of the pipeline or owners of whatever runs through the pipeline or for those receiving it but it could lead to disastrous effects to the land and the people this pipeline runs beneath.,
yellowstone.txt,281,del,,,Que no les distraigan del problema actual porque seguir√° si√©ndolo ma√±ana.,Keep your focus on the issue of today because it will still be one tomorrow.,
yellowstone.txt,302,del,,,Cuando renuncias al feminismo lo haces del todo.,When you forsake feminism you go all in.,
yellowstone.txt,373,del,,SO,Mira una pullita del m√°s inesperado.,There it is a zinger from the cheap seats.,
yellowstone.txt,458,del,,POS,Nos acaba de llegar esta informaci√≥n. Guardianes de Lobos el grupo ecologista que financia los estudios de manadas de lobos en el parque ha emitido un comunicado de prensa asegurando que han recuperado radiocollares de la manada de lobos Prospect Peak y dicen que los datos indican que lobos pudieron haber muerto en el Rancho Yellowstone del gobernador John Dutton que bordea el parque.,And this just in. Wolf Watch the environmental group that funds the radio collar studies of wolf packs in the park has just issued a press release claiming that they have recovered radio collars from the Prospect Peak wolf pack and they say that the data indicates that the wolves could have been killed on Governor John Dutton's Yellowstone Ranch which borders the park.,
yellowstone.txt,459,del,,POS,De momento no hay ning√∫n comentario por parte del gobernador.,So far no comment from the Governor's Office.,
yellowstone.txt,494,del,,RS,Si hay un sitio para nuestros enemigos en el que nadie sabe que acaban pap√° y del que jam√°s regresan... Entonces creo que es el lugar perfecto para Jamie.,If there is a place our enemies go and nobody ever knows they went Dad and they will never come back... then I think that's the place for Jamie.,
outerrange.txt,176,del,,POS,¬øLos ricachones del pueblo no responden ante Dios?,This is a town full of old money.,
outerrange.txt,246,del,,POS,Soy Chinlund ayudante de la sheriff del condado de Amelia.,I'm Deputy Jess Chinlund. Amelia County Sheriff's Department.,
outerrange.txt,268,del,,RS,Acab√© en tus pastos del oeste porque viaj√© a trav√©s del agujero.,I ended up in your West Pasture 'cause I time traveled through that hole.,
outerrange.txt,332,del,,RS,Autumn no salgas del coche. Pase lo que pase ¬øvale?,Autumn do not leave this car no matter what. Okay?,
outerrange.txt,413,del,,,Jess quiero olvidarme del tema.,Jess I just wanna move forward.,
outerrange.txt,455,del,,RS,Acababa de salir del agujero cuando Casey y t√∫ me encontrasteis. De no ser por vosotras... no s√© qu√© habr√≠a pasado.,I had just come out of the hole when you and Casey found me. If you hadn't have been there I... I don't know what would've happened.,
